American Revolution Statuary, New Hampshire in the American Revolution
American Revolution Statuary, Middle Peninsula geography stubs
American Revolution Statuary, Political history of the United States
American Revolution Statuary, Landforms of Mathews County, Virginia
American Revolution Statuary, Patriots in the American Revolution
Committees of correspondence, Liberty symbols
Committees of correspondence, Quakerism in the United States
Committees of correspondence, American planters
Committees of correspondence, Historiography by topic
Committees of correspondence, Colonial government in America
Committees of safety (American Revolution), Liberty symbols
Committees of safety (American Revolution), Boycotts of Cuba
Committees of safety (American Revolution), 35th Canadian Parliament
Committees of safety (American Revolution), Ships of the Royal Navy
Committees of safety (American Revolution), Drafting of the United States Constitution
Dearborn-Putnam controversy, Boycotts of Cuba
Dearborn-Putnam controversy, Quakerism in the United States
Dearborn-Putnam controversy, Outdoor sculptures in Washington, D.C.
Dearborn-Putnam controversy, American secret societies
Dearborn-Putnam controversy, Sculptures of men in Washington, D.C.
Francis Thornton (Soldier), Political history of the United States
Francis Thornton (Soldier), Nationalism
Francis Thornton (Soldier), People of the American Revolution
Francis Thornton (Soldier), Military history of New England
Francis Thornton (Soldier), Patriots in the American Revolution
Godfrey–Milliken Bill, Historiography by topic
Godfrey–Milliken Bill, Middle Peninsula geography stubs
Godfrey–Milliken Bill, Massachusetts in the American Revolution
Godfrey–Milliken Bill, Drafting of the United States Constitution
Godfrey–Milliken Bill, Committees
Gwynn's Island, New Hampshire in the American Revolution
Gwynn's Island, People of the American Revolution
Gwynn's Island, Monuments and memorials on the National Register of Historic Places in Washington, D.C.
Gwynn's Island, Patriots in the American Revolution
Gwynn's Island, Colonial government in America
Heights of Guan, Cultural history of New York City
Heights of Guan, History of Boston
Heights of Guan, Treason in the United Kingdom
Heights of Guan, American Revolutionary War casualties
Heights of Guan, Patriotism
Historiography of the Gaspee affair, People of the American Revolution
Historiography of the Gaspee affair, American planters
Historiography of the Gaspee affair, Heraldic charges
Historiography of the Gaspee affair, Political history of the United States
Historiography of the Gaspee affair, Political terminology of the United States
HMS Musquito (1777), American secret societies
HMS Musquito (1777), American Revolutionary War casualties
HMS Musquito (1777), 35th Canadian Parliament
HMS Musquito (1777), American Revolution Statuary
HMS Musquito (1777), Proposed laws of Canada
Liberty pole, Ships of the Royal Navy
Liberty pole, Sailing ships of the United Kingdom
Liberty pole, History of Brooklyn
Liberty pole, Patriotism
Liberty pole, American secret societies
Nathan Hale (statue), Canada–United States relations
Nathan Hale (statue), Naval ship stubs
Nathan Hale (statue), Liberty symbols
Nathan Hale (statue), Sculptures of men in Washington, D.C.
Nathan Hale (statue), Committees
Pine Tree Riot, Patriotic societies
Pine Tree Riot, Tourist attractions in Mathews County, Virginia
Pine Tree Riot, Ships of the Royal Navy
Pine Tree Riot, Great Britain Acts of Parliament 1777
Pine Tree Riot, Islands of the Chesapeake Bay
Provincial Congress, Political terminology of the United States
Provincial Congress, Tourist attractions in Mathews County, Virginia
Provincial Congress, Nationalism
Provincial Congress, United Kingdom statute stubs
Provincial Congress, Battles of the American Revolutionary War
Quakers in the American Revolution, History of Brooklyn
Quakers in the American Revolution, Liberty symbols
Quakers in the American Revolution, Proposed laws of Canada
Quakers in the American Revolution, 35th Canadian Parliament
Quakers in the American Revolution, Cultural history of New York City
Richmond's Regiment, Sculptures of men in Washington, D.C.
Richmond's Regiment, Patriots in the American Revolution
Richmond's Regiment, Treason in the United Kingdom
Richmond's Regiment, National liberation movements
Richmond's Regiment, Tourist attractions in Mathews County, Virginia
Roderigue Hortalez and Company, Statues in Washington, D.C.
Roderigue Hortalez and Company, Patriots in the American Revolution
Roderigue Hortalez and Company, Battles of the American Revolutionary War
Roderigue Hortalez and Company, Boycotts of Cuba
Roderigue Hortalez and Company, Islands of the Chesapeake Bay
Sons of Liberty, Colonial government in America
Sons of Liberty, Liberty symbols
Sons of Liberty, Artworks in the collection of the National Park Service
Sons of Liberty, Cultural history of New York City
Sons of Liberty, Canada–United States relations
Sons of Neptune, Proposed laws of Canada
Sons of Neptune, Artworks in the collection of the National Park Service
Sons of Neptune, New York (state) in the American Revolution
Sons of Neptune, 35th Canadian Parliament
Sons of Neptune, French Revolution
Spirit of '76 (sentiment), Heraldic charges
Spirit of '76 (sentiment), National liberation movements
Spirit of '76 (sentiment), New Hampshire in the American Revolution
Spirit of '76 (sentiment), Cultural history of New York City
Spirit of '76 (sentiment), Islands of Virginia
Treason Act 1777, Proposed laws of Canada
Treason Act 1777, Islands of Virginia
Treason Act 1777, Historiography by topic
Treason Act 1777, Quakerism in the United States
Treason Act 1777, Sculptures of men in Washington, D.C.
Virginia Plan, Artworks in the collection of the National Park Service
Virginia Plan, History of Boston
Virginia Plan, History of Brooklyn
Virginia Plan, Ships of the Royal Navy
Virginia Plan, Massachusetts in the American Revolution
﻿Commemoration of the American Revolution, Cultural history of New York City
﻿Commemoration of the American Revolution, American secret societies
﻿Commemoration of the American Revolution, United Kingdom statute stubs
﻿Commemoration of the American Revolution, Sculptures of men in Washington, D.C.
﻿Commemoration of the American Revolution, Naval ship stubs
