Animal transporter, Natural history of the Central Valley (California)
Animal transporter, Mythological human hybrids
Animal transporter, Human-derived fictional species
Animal transporter, Cybernetics
Animal transporter, Dog sledding
Animal-assisted therapy, Dog anatomy
Animal-assisted therapy, Livestock stubs
Animal-assisted therapy, Hindu texts
Animal-assisted therapy, Cultural history of India
Animal-assisted therapy, Mythological characters
Bedding (animals), Road transport
Bedding (animals), Animal anatomy
Bedding (animals), Protected areas of Stanislaus County, California
Bedding (animals), Australian scientists
Bedding (animals), Mythological hybrids
Binti Jua, Animals in mythology
Binti Jua, Dog sledding
Binti Jua, Biotechnology
Binti Jua, Neurotechnology
Binti Jua, Killer whales
Cyborg, Natural history of the Central Valley (California)
Cyborg, Mythic animals
Cyborg, Pests (organism)
Cyborg, Protected areas of Merced County, California
Cyborg, Dog sledding
Deer horn, Dog sledding
Deer horn, Animals in mythology
Deer horn, Livestock
Deer horn, Science fantasy
Deer horn, Afterlife places
Devocalization, Biopunk
Devocalization, Australian women academics
Devocalization, Australian women scientists
Devocalization, Protected areas of Stanislaus County, California
Devocalization, Pests (organism)
Entire (animal), Horse training
Entire (animal), Words coined in the 1960s
Entire (animal), Protected areas of Merced County, California
Entire (animal), Canadian political phrases
Entire (animal), National Wildlife Refuges in California
Five freedoms, La Trobe University alumni
Five freedoms, SeaWorld Parks & Entertainment
Five freedoms, Biocybernetics
Five freedoms, Horse training
Five freedoms, Cruelty to animals
Gee and haw, Killer whales
Gee and haw, Animal killing
Gee and haw, Vertebrate anatomy stubs
Gee and haw, Pets
Gee and haw, Geography of Merced County, California
Human–animal communication, Documentary films about nature
Human–animal communication, Dog training and behavior
Human–animal communication, Biopunk
Human–animal communication, Non-fiction books about theatre
Human–animal communication, Law in the United Kingdom
Human–animal hybrid, History of agriculture
Human–animal hybrid, South African conservationists
Human–animal hybrid, Dog anatomy
Human–animal hybrid, Futurology
Human–animal hybrid, Los Banos, California
Manasollasa, Dog training and behavior
Manasollasa, Mythic humanoids
Manasollasa, Environmental crime
Manasollasa, Wetlands of California
Manasollasa, Anthropomorphism
Mike Rutzen, Dog sledding
Mike Rutzen, Cookbooks
Mike Rutzen, Cultural history of India
Mike Rutzen, Protected areas of Merced County, California
Mike Rutzen, Cruelty to animals
My Life as a Turkey, Pet equipment
My Life as a Turkey, Killer whales
My Life as a Turkey, Genetic engineering
My Life as a Turkey, Australian women academics
My Life as a Turkey, Sanskrit encyclopedias
One Health Model, Australian women scientists
One Health Model, Neurotechnology
One Health Model, Animal welfare
One Health Model, Mythological characters
One Health Model, Protected areas of Stanislaus County, California
Orca Welfare and Safety Act, Theatre in India
Orca Welfare and Safety Act, Australian women scientists
Orca Welfare and Safety Act, Pests (organism)
Orca Welfare and Safety Act, Animal welfare
Orca Welfare and Safety Act, Human–animal communication
Pauleen Bennett, 12th-century Indian books
Pauleen Bennett, Dog anatomy
Pauleen Bennett, Mythological characters
Pauleen Bennett, Pest control techniques
Pauleen Bennett, Intensive farming
Rainbow Bridge (pets), Animal killing
Rainbow Bridge (pets), Killer whales
Rainbow Bridge (pets), Dog health
Rainbow Bridge (pets), Words coined in the 1960s
Rainbow Bridge (pets), Transhumanism
San Luis National Wildlife Refuge Complex, Paraphilias
San Luis National Wildlife Refuge Complex, Communication
San Luis National Wildlife Refuge Complex, Emmy Award-winning episodes
San Luis National Wildlife Refuge Complex, Human–animal communication
San Luis National Wildlife Refuge Complex, Animals in religion
Shooting, shoveling, and shutting up, Sanskrit encyclopedias
Shooting, shoveling, and shutting up, Communication
Shooting, shoveling, and shutting up, Non-fiction books about theatre
Shooting, shoveling, and shutting up, Science fiction themes
Shooting, shoveling, and shutting up, SeaWorld Parks & Entertainment
Vermin, Protected areas of Merced County, California
Vermin, Animal anatomy
Vermin, Road transport
Vermin, Paraphilias
Vermin, Australian women scientists
Warren (domestic), Protected areas of Stanislaus County, California
Warren (domestic), Implants (medicine)
Warren (domestic), Australian women academics
Warren (domestic), Environmental crime
Warren (domestic), Individual animals in the United States
Zoophilia, Important Bird Areas of California
Zoophilia, Livestock
Zoophilia, Futurology
Zoophilia, Pest control techniques
Zoophilia, Human–animal communication
