Bradley Cooper, Australian male television actors
Bradley Cooper, American child actresses
Bradley Cooper, Male actors from Sydney
Bradley Cooper, People from Arlington County, Virginia
Bradley Cooper, Atco Records artists
Channing Tatum, Atco Records artists
Channing Tatum, Skin cancer survivors
Channing Tatum, Australian male stage actors
Channing Tatum, American agnostics
Channing Tatum, People of Campanian descent
Chris Hemsworth, Actresses from Louisville, Kentucky
Chris Hemsworth, Naturalized citizens of Germany
Chris Hemsworth, American restaurateurs
Chris Hemsworth, Best Supporting Actress BAFTA Award winners
Chris Hemsworth, Best Supporting Actress AACTA International Award winners
Chris Pratt, Leonardo DiCaprio
Chris Pratt, 20th-century male actors from Northern Ireland
Chris Pratt, Waldorf school alumni
Chris Pratt, Silver Bear for Best Actor winners
Chris Pratt, Male models from Alabama
Hugh Jackman, American voice actresses
Hugh Jackman, Best Supporting Actress BAFTA Award winners
Hugh Jackman, Male actors from Florida
Hugh Jackman, American women chief executives
Hugh Jackman, Actresses from New Orleans
Jennifer Lawrence, BAFTA winners (people)
Jennifer Lawrence, Australian male singers
Jennifer Lawrence, Drama Desk Award winners
Jennifer Lawrence, Australian television presenters
Jennifer Lawrence, Germantown Academy alumni
Leonardo DiCaprio, Male actors from Alabama
Leonardo DiCaprio, Atco Records artists
Leonardo DiCaprio, American Roman Catholics
Leonardo DiCaprio, Best Musical or Comedy Actress Golden Globe (film) winners
Leonardo DiCaprio, American Christians
Liam Neeson, Lee Strasberg Theatre and Film Institute alumni
Liam Neeson, People from Manhattan
Liam Neeson, American male stage actors
Liam Neeson, BAFTA winners (people)
Liam Neeson, Glenville State Pioneers football players
Sandra Bullock, Australian television presenters
Sandra Bullock, Hugh Jackman
Sandra Bullock, Georgetown Hoyas athletes
Sandra Bullock, Best Musical or Comedy Actor Golden Globe (film) winners
Sandra Bullock, American environmentalists
Scarlett Johansson, People with attention deficit hyperactivity disorder
Scarlett Johansson, Male actors from Hollywood, Los Angeles
Scarlett Johansson, Male television actors from Northern Ireland
Scarlett Johansson, Georgetown Hoyas athletes
Scarlett Johansson, Outstanding Performance by a Male Actor in a Leading Role Screen Actors Guild Award winners
