Concretion, Types of soil
Concretion, Hydrology stubs
Concretion, Water ice
Concretion, Triclinic minerals
Concretion, Ecology stubs
Fuller's earth, Glaciology
Fuller's earth, Spinel group
Fuller's earth, Transparent materials
Fuller's earth, Aluminium minerals
Fuller's earth, Animal husbandry
Galaxite, Peak resource production
Galaxite, Soil contamination
Galaxite, Chemical oceanography
Galaxite, Petrology
Galaxite, Ecology stubs
Gemstone, Environmental chemistry
Gemstone, Mesoamerican architecture
Gemstone, Spinel group
Gemstone, Water pollution
Gemstone, Aluminium minerals
Ice, Dry cleaning
Ice, Iron minerals
Ice, Water pollution
Ice, Jewellery components
Ice, Stones
Iddingsite, Mesoamerican architecture
Iddingsite, Spinel group
Iddingsite, Stone objects
Iddingsite, Animal husbandry
Iddingsite, Mineral stubs
Magnesioferrite, Transparent materials
Magnesioferrite, Mineral stubs
Magnesioferrite, Water pollution
Magnesioferrite, Soil contamination
Magnesioferrite, Triclinic minerals
Microlite, Transparent materials
Microlite, Medicinal clay
Microlite, Magnesium minerals
Microlite, Materials
Microlite, Symbols of Oregon
Mineral cycle, Oxide minerals
Mineral cycle, Pseudofossils
Mineral cycle, Sedimentary rocks
Mineral cycle, Transparent materials
Mineral cycle, Types of soil
Mineral lick, Manganese minerals
Mineral lick, Systems ecology
Mineral lick, Ecology stubs
Mineral lick, Sedimentary rocks
Mineral lick, Pseudofossils
Peak minerals, Sedimentary rocks
Peak minerals, Types of soil
Peak minerals, Hydrology stubs
Peak minerals, Geochemistry
Peak minerals, Mesoamerican architecture
Red mud, Sedimentary rocks
Red mud, Maya architecture
Red mud, Stone objects
Red mud, Peak resource production
Red mud, Geochemistry
Rock butter, Water ice
Rock butter, Iron minerals
Rock butter, Mesoamerica stubs
Rock butter, Cubic minerals
Rock butter, Symbols of Oregon
Sascab, Water ice
Sascab, Medicinal clay
Sascab, Water pollution
Sascab, Sedimentary rocks
Sascab, Stones
Tantite, Sedimentary rocks
Tantite, Glaciology
Tantite, Waste
Tantite, Transparent materials
Tantite, Systems ecology
Thunderegg, Pseudofossils
Thunderegg, Maya architecture
Thunderegg, Oxide mineral stubs
Thunderegg, Water ice
Thunderegg, Spinel group
