Anthropic rock, Novelty items
Anthropic rock, Geology of Michigan
Anthropic rock, Architecture stubs
Anthropic rock, Bjerkreim
Anthropic rock, Mineralogy
Bedrock, Death Valley National Park
Bedrock, Petrology stubs
Bedrock, Tunnel construction
Bedrock, Garden features
Bedrock, Quarrying
Boulder, Natural history of the Mojave Desert
Boulder, Rock formations of Nevada
Boulder, Sedimentology
Boulder, National symbols of the Republic of Ireland
Boulder, Petrology stubs
Coralline rock, Natural materials
Coralline rock, Aeolian landforms
Coralline rock, Geology of British Columbia
Coralline rock, Geology of Michigan
Coralline rock, Deposition (geology)
Dallasite, Breccias
Dallasite, Geology of Michigan
Dallasite, Rock formations
Dallasite, Death Valley National Park
Dallasite, Building stone
Desert varnish, Death Valley
Desert varnish, Landforms of Rogaland
Desert varnish, Gjesdal
Desert varnish, Māori culture
Desert varnish, Garden features
Fault breccia, Deposition (geology)
Fault breccia, Geotechnical engineering
Fault breccia, Comets
Fault breccia, Geology of New Zealand
Fault breccia, Geology stubs
Fault gouge, Geology of Spain
Fault gouge, Minerals
Fault gouge, Comets
Fault gouge, Geology stubs
Fault gouge, Mineralogy
Geode, Garden features
Geode, Andalusia geography stubs
Geode, Quarrying
Geode, Mineral stubs
Geode, Māori words and phrases
Gloppedalsura, Aeolian landforms
Gloppedalsura, Geology of the United States by state
Gloppedalsura, Geology of Greece
Gloppedalsura, Geology stubs
Gloppedalsura, Comets
Howard's Rock, Geology stubs
Howard's Rock, Artificial stone
Howard's Rock, Māori culture
Howard's Rock, Andalusia geography stubs
Howard's Rock, Geology of Spain
Hypatia (stone), Bjerkreim
Hypatia (stone), Deposition (geology)
Hypatia (stone), Clemson Tigers
Hypatia (stone), Rock mass classification
Hypatia (stone), Māori culture
Keweenawite, Architecture stubs
Keweenawite, Lists of United States state symbols
Keweenawite, Geology of New Zealand
Keweenawite, Gemstones
Keweenawite, Novelty items
Limonite, Māori culture
Limonite, Gemstone-related lists
Limonite, Norway geography stubs
Limonite, Tunnel construction
Limonite, Stones
List of U.S. state minerals, rocks, stones and gemstones, Mineralogy
List of U.S. state minerals, rocks, stones and gemstones, Rock formations of Nevada
List of U.S. state minerals, rocks, stones and gemstones, Bjerkreim
List of U.S. state minerals, rocks, stones and gemstones, Comets
List of U.S. state minerals, rocks, stones and gemstones, Hardstone carving
Mohawkite, Rock formations
Mohawkite, Stones
Mohawkite, Gjesdal
Mohawkite, Aeolian landforms
Mohawkite, Tunnel construction
Outcrop, Geology of Spain
Outcrop, Petrology stubs
Outcrop, Building materials
Outcrop, Geology stubs
Outcrop, Garden features
Pet Rock, Death Valley
Pet Rock, Geology of Spain
Pet Rock, Death Valley National Park
Pet Rock, Building stone
Pet Rock, Bjerkreim
Phenocryst, Artificial stone
Phenocryst, Geology stubs
Phenocryst, Iron ores
Phenocryst, Natural history of the Mojave Desert
Phenocryst, Gemstone-related lists
Pounamu, Products introduced in 1975
Pounamu, Rock formations of Nevada
Pounamu, Gemstone-related lists
Pounamu, Deposition (geology)
Pounamu, Virtual pets
Pulpí Geode, Iron ores
Pulpí Geode, National symbols of the Republic of Ireland
Pulpí Geode, Minerals
Pulpí Geode, Products introduced in 1975
Pulpí Geode, Gemstones
Rock mass classification, Sedimentology
Rock mass classification, Geotechnical engineering
Rock mass classification, Rock formations of California
Rock mass classification, Deposition (geology)
Rock mass classification, Building materials
Sailing stones, Bjerkreim
Sailing stones, National symbols of the Republic of Ireland
Sailing stones, Māori culture
Sailing stones, Māori words and phrases
Sailing stones, Deposition (geology)
Sliding criterion (geotechnical engineering), Aeolian landforms
Sliding criterion (geotechnical engineering), Hardstone carving
Sliding criterion (geotechnical engineering), Mineral stubs
Sliding criterion (geotechnical engineering), Deserts
Sliding criterion (geotechnical engineering), Death Valley
Tilt test (geotechnical engineering), Virtual pets
Tilt test (geotechnical engineering), Petrology
Tilt test (geotechnical engineering), Building stone
Tilt test (geotechnical engineering), Tectonics
Tilt test (geotechnical engineering), Products introduced in 1975
Ventifact, Iron ores
Ventifact, Death Valley National Park
Ventifact, Norway geography stubs
Ventifact, Virtual pets
Ventifact, Sedimentology
Verd antique, Minerals
Verd antique, Mineral stubs
Verd antique, Novelty items
Verd antique, Rock formations of Nevada
Verd antique, Andalusia geography stubs
Weaubleau egg, Artificial stone
Weaubleau egg, Quarrying
Weaubleau egg, Natural materials
Weaubleau egg, Hardstone carving
Weaubleau egg, Building stone
Whinstone, Death Valley National Park
Whinstone, Geology of British Columbia
Whinstone, Deposition (geology)
Whinstone, Gemstone-related lists
Whinstone, Gemstones
