2 Pallas, Comets
2 Pallas, General relativity
2 Pallas, Hypothetical astronomical objects
2 Pallas, Astronomical objects discovered in 1804
2 Pallas, G-type asteroids (Tholen)
2060 Chiron, Makemake
2060 Chiron, Moons of dwarf planets
2060 Chiron, Astronomical objects discovered in 2005
2060 Chiron, Discoveries by Michael E. Brown
2060 Chiron, Minor planets named from mythology
3 Juno, Obsolete scientific theories
3 Juno, Comets
3 Juno, Discoveries by Giuseppe Piazzi
3 Juno, Trans-Neptunian region
3 Juno, Discoveries by Jan Oort
4 Vesta, Hypothetical astronomical objects
4 Vesta, Discoveries by Charles T. Kowal
4 Vesta, Haumea family
4 Vesta, Classical Kuiper belt objects
4 Vesta, Moons of dwarf planets
Ceres (dwarf planet), Space science
Ceres (dwarf planet), Discoveries by Charles T. Kowal
Ceres (dwarf planet), Astronomical objects discovered in 2004
Ceres (dwarf planet), V-type asteroids (SMASS)
Ceres (dwarf planet), Astronomical objects discovered in 2005
Discovery and exploration of the Solar System, S-type asteroids (Tholen)
Discovery and exploration of the Solar System, Main-belt asteroids
Discovery and exploration of the Solar System, Junonian asteroids
Discovery and exploration of the Solar System, Obsolete scientific theories
Discovery and exploration of the Solar System, V-type asteroids (Tholen)
Dysnomia (moon), Hypothetical astronomical objects
Dysnomia (moon), Circumstellar disks
Dysnomia (moon), V-type asteroids (SMASS)
Dysnomia (moon), Astronomical hypotheses
Dysnomia (moon), Discoveries by Jan Oort
Eris (dwarf planet), B-type asteroids (SMASS)
Eris (dwarf planet), Inner Oort cloud
Eris (dwarf planet), Astronomical hypotheses
Eris (dwarf planet), Comets
Eris (dwarf planet), Minor planets visited by spacecraft
Five-planet Nice model, Planetary rings
Five-planet Nice model, Astronomical objects discovered in 1930
Five-planet Nice model, Pluto's planethood
Five-planet Nice model, Haumea family
Five-planet Nice model, Minor planets named from mythology
Haumea, Cb-type asteroids (SMASS)
Haumea, B-type asteroids (SMASS)
Haumea, V-type asteroids (Tholen)
Haumea, Sk-type asteroids (SMASS)
Haumea, Astronomical hypotheses
Hills cloud, B-type asteroids (SMASS)
Hills cloud, Astronomical objects discovered in 1801
Hills cloud, Discovery and exploration of the Solar System
Hills cloud, Discoveries by Michael E. Brown
Hills cloud, Jan Oort
Makemake, Cb-type asteroids (SMASS)
Makemake, Pluto's planethood
Makemake, Astronomical events of the Solar System
Makemake, Astronomical objects discovered in 1804
Makemake, Tests of general relativity
Oort cloud, Solar System dynamic theories
Oort cloud, Hypothetical astronomical objects
Oort cloud, Minor planets visited by spacecraft
Oort cloud, Astronomical objects discovered in 2005
Oort cloud, Astronomical objects discovered in 1801
Planets beyond Neptune, Haumea family
Planets beyond Neptune, Astronomical events of the Solar System
Planets beyond Neptune, Makemake
Planets beyond Neptune, Oort cloud
Planets beyond Neptune, Astronomical objects discovered in 1930
Pluto, Cb-type asteroids (SMASS)
Pluto, Sk-type asteroids (SMASS)
Pluto, 4 Vesta
Pluto, Ceres (dwarf planet)
Pluto, Astronomical objects discovered in 2005
Solar System, C-type asteroids (SMASS)
Solar System, Discoveries by Michael E. Brown
Solar System, Hypothetical bodies of the Solar System
Solar System, Astronomical objects discovered in 1802
Solar System, Centaurs (minor planets)
Tyche (hypothetical planet), Centaurs (minor planets)
Tyche (hypothetical planet), Comets
Tyche (hypothetical planet), S-type asteroids (Tholen)
Tyche (hypothetical planet), Planets of the Solar System
Tyche (hypothetical planet), Discovery and exploration of the Solar System
Vulcan (hypothetical planet), Sk-type asteroids (SMASS)
Vulcan (hypothetical planet), Minor planets named from Roman mythology
Vulcan (hypothetical planet), Possible dwarf planets
Vulcan (hypothetical planet), Discoveries by Charles T. Kowal
Vulcan (hypothetical planet), Discoveries by Chad Trujillo
