American Revolution Statuary, Heraldic charges
American Revolution Statuary, Patriotic societies
American Revolution Statuary, Middle Peninsula geography stubs
American Revolution Statuary, Islands of the Chesapeake Bay
American Revolution Statuary, New York (state) in the American Revolution
Godfrey–Milliken Bill, Landforms of Mathews County, Virginia
Godfrey–Milliken Bill, Tourist attractions in Mathews County, Virginia
Godfrey–Milliken Bill, Political terminology of the United States
Godfrey–Milliken Bill, Patriotism
Godfrey–Milliken Bill, Islands of the Chesapeake Bay
Gwynn's Island, Heraldic charges
Gwynn's Island, Great Britain Acts of Parliament 1777
Gwynn's Island, French Revolution
Gwynn's Island, History of Brooklyn
Gwynn's Island, History of Boston
Historiography of the Gaspee affair, Committees
Historiography of the Gaspee affair, New York (state) in the American Revolution
Historiography of the Gaspee affair, Naval ship stubs
Historiography of the Gaspee affair, Islands of Virginia
Historiography of the Gaspee affair, Islands of the Chesapeake Bay
Nathan Hale (statue), Islands of the Chesapeake Bay
Nathan Hale (statue), Massachusetts in the American Revolution
Nathan Hale (statue), Middle Peninsula geography stubs
Nathan Hale (statue), Monuments and memorials on the National Register of Historic Places in Washington, D.C.
Nathan Hale (statue), Colonial government in America
Pine Tree Riot, Islands of the Chesapeake Bay
Pine Tree Riot, History of Brooklyn
Pine Tree Riot, Patriotic societies
Pine Tree Riot, Nationalism
Pine Tree Riot, Political terminology of the United States
Quakers in the American Revolution, Drafting of the United States Constitution
Quakers in the American Revolution, Landforms of Mathews County, Virginia
Quakers in the American Revolution, Boycotts of Cuba
Quakers in the American Revolution, Tourist attractions in Mathews County, Virginia
Quakers in the American Revolution, Monuments and memorials on the National Register of Historic Places in Washington, D.C.
Roderigue Hortalez and Company, History of Boston
Roderigue Hortalez and Company, United Kingdom statute stubs
Roderigue Hortalez and Company, American secret societies
Roderigue Hortalez and Company, Liberty symbols
Roderigue Hortalez and Company, Treason in the United Kingdom
Sons of Liberty, Drafting of the United States Constitution
Sons of Liberty, Landforms of Mathews County, Virginia
Sons of Liberty, American planters
Sons of Liberty, Middle Peninsula geography stubs
Sons of Liberty, Battles of the American Revolutionary War
Sons of Neptune, Political history of the United States
Sons of Neptune, United Kingdom statute stubs
Sons of Neptune, Patriotism
Sons of Neptune, Boycotts of Cuba
Sons of Neptune, Quakerism in the United States
