Animal-assisted therapy, SeaWorld Parks & Entertainment
Animal-assisted therapy, Paraphilias
Animal-assisted therapy, South African conservationists
Animal-assisted therapy, Human–animal communication
Animal-assisted therapy, Animals in mythology
Cyborg, Medical models
Cyborg, Animal killing
Cyborg, Dog sledding
Cyborg, Geography of Merced County, California
Cyborg, History of agriculture
Gee and haw, Words coined in the 1960s
Gee and haw, Killer whales
Gee and haw, Cultural history of India
Gee and haw, Afterlife places
Gee and haw, Robotics
Human–animal communication, Individual gorillas
Human–animal communication, Livestock
Human–animal communication, Anthropomorphism
Human–animal communication, Mythological hybrids
Human–animal communication, Sound production
Manasollasa, Medical models
Manasollasa, Cybernetics
Manasollasa, Animals in mythology
Manasollasa, Dog breeding
Manasollasa, Animal anatomy
My Life as a Turkey, Cyberpunk themes
My Life as a Turkey, Animal intelligence
My Life as a Turkey, Geography of Merced County, California
My Life as a Turkey, Animal pornography
My Life as a Turkey, Pest control techniques
Zoophilia, Futurology
Zoophilia, Cyborgs
Zoophilia, Buildings and structures used to confine animals
Zoophilia, Environmental crime
Zoophilia, Human-derived fictional species
