Bradley Cooper, Australian male musical theatre actors
Bradley Cooper, Male actors from Hollywood, Los Angeles
Bradley Cooper, Australian people of Greek descent
Bradley Cooper, Bohemian F.C. players
Bradley Cooper, Best Actor AACTA International Award winners
Channing Tatum, Leonardo DiCaprio
Channing Tatum, Twin people from the United States
Channing Tatum, American environmentalists
Channing Tatum, Best Musical or Comedy Actress Golden Globe (film) winners
Channing Tatum, Outstanding Performance by a Cast in a Motion Picture Screen Actors Guild Award winners
Chris Hemsworth, American women chief executives
Chris Hemsworth, American voice actresses
Chris Hemsworth, LGBT rights activists from the United States
Chris Hemsworth, American people of English descent
Chris Hemsworth, Actresses from New Orleans
Leonardo DiCaprio, American retail chief executives
Leonardo DiCaprio, 20th-century American actresses
Leonardo DiCaprio, Waldorf school alumni
Leonardo DiCaprio, People from Snohomish County, Washington
Leonardo DiCaprio, Male actors from Mississippi
Liam Neeson, Women company founders
Liam Neeson, Best Actor BAFTA Award winners
Liam Neeson, American agnostics
Liam Neeson, Best Supporting Actress BAFTA Award winners
Liam Neeson, Australian male singers
Sandra Bullock, 21st-century male actors from Northern Ireland
Sandra Bullock, Leonardo DiCaprio
Sandra Bullock, American Christians
Sandra Bullock, American stage actresses
Sandra Bullock, Officers of the Order of the British Empire
Scarlett Johansson, People with attention deficit hyperactivity disorder
Scarlett Johansson, People from Virginia, Minnesota
Scarlett Johansson, Expatriates from Northern Ireland in the United States
Scarlett Johansson, American film producers
Scarlett Johansson, Best Drama Actor Golden Globe (film) winners
