Concretion, Chemical oceanography
Concretion, Maya architecture
Concretion, Edible salt
Concretion, Hydrology stubs
Concretion, Triclinic minerals
Fuller's earth, Oxide minerals
Fuller's earth, Oxide mineral stubs
Fuller's earth, Waste
Fuller's earth, Igneous rocks
Fuller's earth, Symbols of Oregon
Galaxite, Edible salt
Galaxite, Jewellery components
Galaxite, Chemical oceanography
Galaxite, Pseudofossils
Galaxite, Sedimentary rocks
Ice, Materials
Ice, Mineralogy
Ice, Edible salt
Ice, Manganese minerals
Ice, Magnesium minerals
Microlite, Geochemistry
Microlite, Ecology stubs
Microlite, Cascadian folklore
Microlite, Chemical oceanography
Microlite, Mineral stubs
Peak minerals, Cubic minerals
Peak minerals, Mineralogy
Peak minerals, Igneous rocks
Peak minerals, Edible salt
Peak minerals, Sedimentary rocks
Sascab, Industrial minerals
Sascab, Oxide minerals
Sascab, Cascadian folklore
Sascab, Igneous rocks
Sascab, Pseudofossils
Tantite, Peak resource production
Tantite, Soil contamination
Tantite, Dry cleaning
Tantite, Mesoamerican architecture
Tantite, Environmental chemistry
