Geode, Rock mass classification
Geode, Stones
Geode, Tectonics
Geode, Geology of New Zealand
Geode, Rock formations
Gloppedalsura, Rock mass classification
Gloppedalsura, Building stone
Gloppedalsura, Petrology
Gloppedalsura, Mining engineering
Gloppedalsura, Products introduced in 1975
Hypatia (stone), Architecture stubs
Hypatia (stone), Death Valley National Park
Hypatia (stone), Artificial stone
Hypatia (stone), Sedimentology
Hypatia (stone), Products introduced in 1975
Keweenawite, Architecture stubs
Keweenawite, Māori culture
Keweenawite, Bjerkreim
Keweenawite, Death Valley
Keweenawite, Geology of British Columbia
Phenocryst, Landforms of Rogaland
Phenocryst, Tunnel construction
Phenocryst, Sedimentology
Phenocryst, Breccias
Phenocryst, Fracture mechanics
Sailing stones, Sedimentology
Sailing stones, Aeolian landforms
Sailing stones, Mineralogy
Sailing stones, Natural materials
Sailing stones, Māori culture
