2 Pallas, Hypothetical planets
2 Pallas, Centaurs (minor planets)
2 Pallas, Minor planets named from Roman mythology
2 Pallas, Former dwarf planets
2 Pallas, S-type asteroids (Tholen)
3 Juno, Astronomical hypotheses
3 Juno, C-type asteroids (SMASS)
3 Juno, Solar System dynamic theories
3 Juno, Pluto
3 Juno, Minor planets
4 Vesta, Discoveries by Jan Oort
4 Vesta, Trans-Neptunian region
4 Vesta, Planetary systems with eight confirmed planets
4 Vesta, Astronomical objects discovered in 1801
4 Vesta, Classical Kuiper belt objects
Ceres (dwarf planet), Space science
Ceres (dwarf planet), Comets
Ceres (dwarf planet), General relativity
Ceres (dwarf planet), S-type asteroids (Tholen)
Ceres (dwarf planet), B-type asteroids (SMASS)
Dysnomia (moon), Centaurs (minor planets)
Dysnomia (moon), Minor planets named from Roman mythology
Dysnomia (moon), Discovery and exploration of the Solar System
Dysnomia (moon), 4 Vesta
Dysnomia (moon), Named minor planets
Eris (dwarf planet), Astronomical objects discovered in 1807
Eris (dwarf planet), Discoveries by Charles T. Kowal
Eris (dwarf planet), Haumea family
Eris (dwarf planet), Junonian asteroids
Eris (dwarf planet), Hypothetical trans-Neptunian objects
Oort cloud, Centaurs (minor planets)
Oort cloud, Named minor planets
Oort cloud, Haumea (dwarf planet)
Oort cloud, Former dwarf planet candidates
Oort cloud, Discoveries by Charles T. Kowal
