article, category, funfact score, google count non norm, google count nom, category dissimilarity, combined dissimilarity,
Sons of Neptune, National liberation movements,1.449073514,2875000,0.777027027,5.796111132,15.05475684,
Gwynn's Island, Middle Peninsula geography stubs,1.41653128,109510,0.969115044,14.82511278,15.30565346,
Godfrey–Milliken Bill, 35th Canadian Parliament,1.399467695,12900,1,19.36424183,24.92729241,
Nathan Hale (statue), American Revolution,1.311924359,34781600,0.999471264,4.511330401,17.31443235,
Pine Tree Riot, American Revolution,1.265507373,34482000,0.990862069,4.511330401,6.427670709,
Sons of Neptune, Patriots in the American Revolution,1.256098361,825000,0.5,5.810921712,10.39533138,
Nathan Hale (statue), History of New York City,1.246901858,244981600,0.999924898,12.15133829,15.75723437,
Dearborn-Putnam controversy, History of Boston,1.245058121,67799135,0.999987242,49.45208991,95.91603194,
Liberty pole, French Revolution,1.238727929,16030000,0.885635359,4.374094981,8.330279025,
Pine Tree Riot, New Hampshire in the American Revolution,1.223225085,852000,0.728205128,5.759603289,6.8841667,
Heights of Guan, American Revolution,1.217221691,34485000,0.990948276,4.511330401,24.59068193,
Spirit of '76 (sentiment), Nationalism,1.21211042,3428000,0.89038961,-1,45.80185129,
Sons of Liberty, National liberation movements,1.207313359,17500000,0.825471698,5.796111132,12.30718459,
Treason Act 1777, American Revolution,1.200530304,34789800,0.999706897,4.511330401,9.322265367,
Liberty pole, Liberty symbols,1.173849287,970000,0.319078947,10.50660711,4.037420773,
Dearborn-Putnam controversy, Military history of New England,1.128797196,23799135,0.999963655,10.89440886,17.9954926,
Godfrey–Milliken Bill, Boycotts of Cuba,1.120368997,194000,1,23.97476365,29.25821224,
Nathan Hale (statue), Cultural history of New York City,1.1092424,39581600,0.999535354,12.42991052,16.66721204,
Treason Act 1777, United Kingdom statute stubs,1.106606179,6030,0.591176471,15.25787617,11.79189765,
Heights of Guan, History of Brooklyn,1.100541118,39002000,0.992417303,59.21476421,26.43234876,
Sons of Liberty, American secret societies,1.099104371,17970000,0.847641509,9.489827821,16.97089785,
HMS Musquito (1777), Naval ship stubs,1.094653434,36849,0.97484127,17.30788977,15.87484365,
Gwynn's Island, American Revolution,1.090754384,34687000,0.996752874,4.511330401,15.52133505,
Dearborn-Putnam controversy, Battles of the American Revolutionary War,1.090380481,3389135,0.999744838,8.260901687,12.38844135,
Virginia Plan, American Revolution,1.080733845,3900000,0.112068966,4.511330401,8.256411794,
Sons of Liberty, New York (state) in the American Revolution,1.080317928,19900000,0.484184915,8.419038726,11.28772751,
HMS Musquito (1777), Sailing ships of the United Kingdom,1.076689258,851049,0.998883803,15.35665462,19.80436343,
Sons of Neptune, Patriotic societies,1.075997918,689000,0.835151515,25.11304824,17.04885797,
American Revolution Statuary, American Revolution Statuary,1.075296571,0,0,6.391998097,3.075442296,
Provincial Congress, American Revolution,1.071089201,33640000,0.966666667,4.511330401,8.137109255,
Liberty pole, Heraldic charges,1.053565325,2023300,0.977439614,-153.2158521,11.95829056,
Sons of Liberty, Patriots in the American Revolution,1.040328306,19550000,0.922169811,5.810921712,8.86651445,
Dearborn-Putnam controversy, People of the American Revolution,1.022976477,32999135,0.999973788,11.7627166,17.8369439,
Liberty pole, American Revolution,1.022716099,33190000,0.953735632,4.511330401,6.926016975,
Committees of safety (American Revolution), Colonial government in America,1.01869711,2283000,0.798251748,8.940800037,27.55320461,
Historiography of the Gaspee affair, Historiography by topic,1.018545318,411430,0.998616505,10.79968224,8.936885143,
Spirit of '76 (sentiment), Political terminology of the United States,1.017916906,4628000,0.916435644,20.74605356,35.34293298,
Spirit of '76 (sentiment), Patriotism,1.015467467,1508000,0.78134715,-1,31.46933309,
Dearborn-Putnam controversy, Massachusetts in the American Revolution,1.007020776,6049135,0.999857025,5.112870544,8.967165028,
Gwynn's Island, Islands of the Chesapeake Bay,1.006922109,2837000,0.961694915,9.489543008,8.638391649,
HMS Musquito (1777), Ships of the Royal Navy,1.003746522,3779050,0.999748677,8.690774508,13.32604261,
Dearborn-Putnam controversy, American Revolutionary War casualties,1,134135,0.993592593,6.194019305,12.79875682,
Treason Act 1777, Great Britain Acts of Parliament 1777,1,24200,0.703488372,15.76042283,11.5168202,
Committees of safety (American Revolution), American Revolution,0.995638696,34223000,0.98341954,4.511330401,38.61076698,
Sons of Neptune, American Revolution,0.994473431,33975000,0.976293103,4.511330401,14.20569688,
Treason Act 1777, Treason in the United Kingdom,0.991897241,346800,0.971428571,7.218920951,7.939402749,
Francis Thornton (Soldier), American Revolution,0.983189451,34749700,0.998554598,4.511330401,14.0442852,
Gwynn's Island, Landforms of Mathews County, Virginia,0.981844276,106180,0.939646018,71.6934381,83.43756201
Dearborn-Putnam controversy, American Revolution,0.981647953,34799135,0.999975144,4.511330401,18.10342733,
Spirit of '76 (sentiment), American Revolution,0.981081171,34378000,0.987873563,4.511330401,26.89478656,
Godfrey–Milliken Bill, American Revolution,0.980638564,34800000,1,4.511330401,16.50262148,
American Revolution Statuary, American Revolution,0.957969771,34772600,0.999212644,4.511330401,2.956828683,
Virginia Plan, Drafting of the United States Constitution,0.954407455,30266000,0.979482201,14.16813055,11.46408957,
Virginia Plan, Political history of the United States,0.945360322,52200000,0.628158845,15.46853871,13.32528526,
Quakers in the American Revolution, Quakerism in the United States,0.941668418,717000,0.824137931,6.789633636,4.726488222,
Francis Thornton (Soldier), American planters,0.940388685,3979800,0.987543424,25.42505123,21.3899476,
Committees of correspondence, Committees,0.938998967,44545000,0.98550885,-1,4.733008429,
HMS Musquito (1777), American Revolution,0.935502749,34799049,0.999972672,4.511330401,25.46034855,
Sons of Liberty, Patriotic societies,0.927097859,21064000,0.993584906,25.11304824,17.24107288,
Godfrey–Milliken Bill, Canada–United States relations,0.913801991,19,1,74.34812276,117.7471155,
Gwynn's Island, Islands of Virginia,0.890090246,7387000,0.984933333,20.49770936,11.52661072,
Richmond's Regiment, American Revolution,0.877510159,34616000,0.994712644,4.511330401,16.32553003,
Godfrey–Milliken Bill, Proposed laws of Canada,0.874854535,5660000,1,14.93394662,15.52781909,
Committees of correspondence, American Revolution,0.868236435,34145000,0.981178161,4.511330401,14.17099363,
American Revolution Statuary, Artworks in the collection of the National Park Service,0.843269985,23772700,0.998852941,7.728180001,7.960945264,
Historiography of the Gaspee affair, American Revolution,0.836299909,34799430,0.999983621,4.511330401,10.4411147,
Roderigue Hortalez and Company, American Revolution,0.828758491,34799907,0.999997328,4.511330401,22.28882026,
Sons of Liberty, American Revolution,0.828119405,13600000,0.390804598,4.511330401,9.699723817,
Quakers in the American Revolution, American Revolution,0.819173768,34647000,0.995603448,4.511330401,4.07095202,
American Revolution Statuary, Neoclassical sculptures,0.805004273,352600,0.927894737,2.491040023,4.416144229,
