article, category, funfact score, google count non norm, google count nom, category dissimilarity, combined dissimilarity
Manasollasa, Animals and humans,1.752226483,267998390,0.999993993,8.863779677,17.72755935
My Life as a Turkey, Emmy Award-winning episodes,1.730273041,70250000,0.936666667,7.93398777,19.78109571
Gee and haw, Horse training,1.654052437,13842200,0.995841727,12.0497155,15.93391812
Gee and haw, History of agriculture,1.620594515,90742200,0.999363436,27.59720568,31.39370531
Gee and haw, Horse driving,1.542202971,23942200,0.997591667,17.53163597,18.53778374
Manasollasa, Cookbooks,1.522711448,9168390,0.999824427,-1,-1
My Life as a Turkey, Nature documentary film stubs,1.519014124,74785100,0.999800802,7.542383205,14.75416348
Orca Welfare and Safety Act, SeaWorld Parks & Entertainment,1.515038493,481970,0.983612245,5.685817802,9.67660583
Vermin, Environmental health,1.506197887,194364000,0.996738462,4.512470337,9.646822996
My Life as a Turkey, Animals and humans,1.44118755,193200000,0.720895522,8.863779677,19.84767861
My Life as a Turkey, Documentary films about nature,1.423519558,71050000,0.947333333,6.634440724,13.55978472
Animal-assisted therapy, Outdoor education,1.407033985,146310000,0.988581081,42.97082135,19.99833466
Orca Welfare and Safety Act, Killer whales,1.387044144,2931970,0.997268707,12.75481036,10.67116148
Gee and haw, Dog training and behavior,1.361371937,3142200,0.9819375,19.70253885,21.77735266
Mike Rutzen, Animals and humans,1.342175376,267997340,0.999990075,8.863779677,13.54867424
Human–animal hybrid, Mythological characters,1.335487726,14199964,0.999997465,3.123466381,16.44019042
Human–animal hybrid, Science fantasy,1.326281037,70599964,0.99999949,65.29950433,29.32584271
Animal-assisted therapy, Environmental psychology,1.316967908,10800000,0.864,12.86360743,19.65809729
Human–animal hybrid, Mythic animals,1.307974522,529964,0.999932075,10.45644203,25.44400311
Human–animal hybrid, Furry fandom,1.290143251,527964,0.999931818,8.726597583,24.98684091
Human–animal hybrid, Mythic humanoids,1.287095354,101964,0.999647059,5.099179522,10.22647878
Manasollasa, Theatre in India,1.28417094,15798390,0.999898101,17.08349427,34.16698854
Gee and haw, Animals and humans,1.279597028,267942200,0.999784328,8.863779677,25.27265977
Manasollasa, Indian encyclopedias,1.27475741,9648390,0.999833161,27.74929329,83.24787987
Human–animal hybrid, Animals in mythology,1.270030339,5849964,0.999993846,16.33557781,23.20010392
Vermin, Hunting,1.259566214,105364000,0.994,-1,4.456647027
Orca Welfare and Safety Act, Animals and humans,1.258287673,267991970,0.999970037,8.863779677,12.97156075
Mike Rutzen, South African conservationists,1.250952951,254340,0.989649805,3.875606998,7.356228509
Gee and haw, Dog sledding,1.245903021,631200,0.916110305,5.614934205,14.85156708
Human–animal hybrid, Mythological human hybrids,1.238132263,528964,0.999931947,9.981191544,7.814741414
Entire (animal), Animal anatomy,1.23746938,15900000,0.531772575,5.953721674,19.48189642
Rainbow Bridge (pets), Afterlife places,1.233372542,70000,0.060869565,24.44950718,15.93804397
Entire (animal), Vertebrate anatomy stubs,1.23115252,29892320,0.999743144,5.152024644,11.45675256
San Luis National Wildlife Refuge Complex, Animal shelters in the United States,1.229186239,71720000,0.998885794,8.007859058,8.628103588
Cyborg, Words coined in the 1960s,1.212820098,2931000,0.9159375,12.95835786,18.10003793
Animal transporter, Road transport,1.18825586,74140000,0.949295775,8.76414257,8.537934372
Rainbow Bridge (pets), Animals in religion,1.179160369,28560000,0.961616162,9.279983598,18.58057006
Human–animal hybrid, Mythological hybrids,1.16673156,639964,0.99994375,607.1289324,7.408683798
Warren (domestic), Animals and humans,1.138514193,266660000,0.995,8.863779677,23.44759632
Deer horn, Animals and humans,1.133256318,265280000,0.989850746,8.863779677,11.03218658
Human–animal hybrid, Genetic engineering,1.128421752,11399964,0.999996842,6.248580552,17.53043191
Manasollasa, Cultural history of India,1.126508779,34598390,0.999953468,32.17731886,53.62886477
Warren (domestic), Livestock,1.120643667,14260000,0.914102564,-1,33.51407154
Five freedoms, Law in the United Kingdom,1.119712144,120000000,0.759493671,6.389207751,8.70453634
One Health Model, Medical models,1.107327332,179000000,0.588815789,40.1286598,7.110255943
San Luis National Wildlife Refuge Complex, Natural history of the Central Valley (California),1.107246375,10819900,0.992651376,15.17559875,11.48993378
Pauleen Bennett, La Trobe University alumni,1.106317206,41430,0.959027778,6.498461259,7.16509427
Cyborg, Biotechnology,1.101558279,10900000,0.773049645,-1,11.9879053
Manasollasa, Hindu texts,1.101055263,13198390,0.99987803,5.211551767,15.6346553
Human–animal hybrid, Hybrid animals,1.097877019,5359964,0.999993284,19.12929772,6.996253139
Rainbow Bridge (pets), Pets,1.097428202,188850000,0.993947368,-1,12.91912559
Manasollasa, Dance in India,1.09500483,44998390,0.999964222,14.71315468,29.42630936
Deer horn, Automotive safety technologies,1.086655308,5650000,0.675029869,7.91863009,13.08887138
Devocalization, Dog breeding,1.079736607,33297930,0.999937838,5.437337624,16.31201287
Vermin, Animals and humans,1.074250583,267364000,0.997626866,8.863779677,7.657549931
San Luis National Wildlife Refuge Complex, San Joaquin River,1.069032348,480000,0.857142857,5.145353659,5.715528779
Pauleen Bennett, Australian women academics,1.060734921,9798230,0.999819388,6.105284301,9.994829893
Warren (domestic), Agricultural buildings,1.059442395,24660000,0.948461538,6.96431682,29.14306742
Animal transporter, Intensive farming,1.045850126,2410000,0.608585859,5.633778564,12.37166445
Entire (animal), Dog health,1.045286155,127100000,0.80955414,13.84965737,28.3174822
Manasollasa, Musical theatre,1.04460446,36498390,0.99995589,-1,-1
Animal transporter, Vehicle stubs,1.042146051,3423000,0.864393939,303.0741832,15.92702976
Binti Jua, Animals and humans,1.041025156,267912300,0.999672761,8.863779677,9.783158128
Rainbow Bridge (pets), Animals and humans,1.040924425,266860000,0.995746269,8.863779677,17.95267101
Human–animal hybrid, Zoophilia,1.039825452,222964,0.999838565,-1,-1
Manasollasa, Sanskrit encyclopedias,1.036341501,244390,0.993455285,4.084498768,12.25349631
Human–animal hybrid, Biopunk,1.036091111,53864,0.999332096,-1,-1
San Luis National Wildlife Refuge Complex, Animals and humans,1.025806198,267920000,0.999701493,8.863779677,9.549844427
Manasollasa, Sanskrit texts,1.01704823,3608390,0.999554017,3.061250538,9.183751613
Deer horn, Sound production,1.012297141,32760000,0.922816901,7.81170559,9.905942569
San Luis National Wildlife Refuge Complex, Important Bird Areas of California,1.01209821,5130000,0.984644914,23.18471933,11.24587989
Cyborg, Robotics,1.010798707,21600000,0.870967742,-1,4.529384257
Manasollasa, Literary theory,1.009808491,5588390,0.999711986,27.16688398,81.50065193
Bedding (animals), Pet equipment,0.998338411,31920000,0.796009975,35.63973565,12.2894182
Bedding (animals), Animals and humans,0.994305257,259820000,0.969477612,8.863779677,21.06125034
Manasollasa, 12th-century Indian books,0.991097862,553390,0.997099099,44.66105397,89.32210794
Bedding (animals), Livestock stubs,0.988159077,8144000,0.995599022,20.67881117,29.45828346
Human–animal communication, Communication,0.984992281,152000000,1,-1,5.081310223
Human–animal hybrid, Anthropomorphism,0.982074419,200964,0.999820896,-1,22.21016627
Pauleen Bennett, Australian scientists,0.978932116,3798230,0.999534211,9.064636385,16.52719881
Orca Welfare and Safety Act, California statutes,0.97295102,2831970,0.997172535,5.658883986,11.03528625
Human–animal hybrid, Thought experiments,0.97191259,12599964,0.999997143,9.120863191,20.2449555
Entire (animal), Animal rights,0.968019516,302100000,0.909939759,7.224722024,16.82667336
Vermin, Pests (organism),0.957230065,4454000,0.875049116,-1,7.631173302
Cyborg, Neurotechnology,0.955806791,3095000,0.9671875,-1,6.871584874
Binti Jua, Individual gorillas,0.953344337,572300,0.867121212,-13.46375559,6.810267182
Entire (animal), Animals and humans,0.952658627,238100000,0.888432836,8.863779677,19.20965514
Warren (domestic), Buildings and structures used to confine animals,0.948069665,200000,0.12987013,15.26174091,23.69510586
Manasollasa, Non-fiction books about theatre,0.945299235,3778390,0.999574074,48.33161824,80.55269707
Devocalization, Animal rights,0.938281441,331997930,0.999993765,7.224722024,21.67416607
Human–animal hybrid, Human-derived fictional species,0.932863362,354964,0.999898592,688.7079245,31.17612241
Devocalization, Dog anatomy,0.932459514,5327930,0.999611632,21.82742707,65.48228122
Pauleen Bennett, Australian women scientists,0.930080686,2958230,0.999402027,7.342402027,12.7922871
Cyborg, Futurology,0.929595764,4530000,0.586028461,-1,5.368450234
Cyborg, Implants (medicine),0.926757866,1020000,0.31875,-1,16.75015702
Zoophilia, Paraphilias,0.926326515,178100,0.798654709,-1,-1
Binti Jua, Individual animals in the United States,0.922535149,17212300,0.994930636,8.503629562,12.41411085
Human–animal hybrid, Animals and humans,0.914687803,267999964,0.999999866,8.863779677,16.25081775
Five freedoms, Animals and humans,0.91086427,230400000,0.859701493,8.863779677,21.0742318
Cyborg, Science fiction themes,0.907222202,17700000,0.846889952,5.740486019,6.736984331
Cyborg, Cyberpunk themes,0.904365828,2509000,0.7840625,3.567553587,4.572555184
Human–animal hybrid, Mammal hybrids,0.900769458,1299964,0.999972308,9.587964208,6.312384261
One Health Model, Animals and humans,0.899402993,36000000,0.118421053,8.863779677,16.76651485
Zoophilia, Sexual misconduct,0.897738911,3507000,0.940214477,7.010523809,21.03157143
Animal transporter, Animals and humans,0.896651122,264040000,0.985223881,8.863779677,7.137026555
Devocalization, Animal welfare,0.894814073,13297930,0.999844361,4.620345256,13.86103577
Zoophilia, Cruelty to animals,0.889625249,3416000,0.938461538,9.292661824,18.58532365
Human–animal hybrid, Transhumanism,0.881549144,221964,0.999837838,-1,17.61253278
Animal transporter, Livestock,0.869846786,11640000,0.746153846,-1,7.262587784
Cyborg, Cybernetics,0.86885229,2080000,0.65,-1,4.755224742
Zoophilia, Animals and humans,0.868010487,267777000,0.99916791,8.863779677,17.72755935
Devocalization, Animals and humans,0.861339033,267997930,0.999992276,8.863779677,17.72755935
San Luis National Wildlife Refuge Complex, National Wildlife Refuges in California,0.856664146,344900,0.811529412,7.066515869,6.16065441
Devocalization, Dog health,0.842629833,156997930,0.999986815,13.84965737,41.5489721
Five freedoms, Animal welfare,0.831439384,24300000,0.646276596,4.620345256,12.39731251
Cyborg, Biocybernetics,0.829980224,3188300,0.99634375,-1,-1
San Luis National Wildlife Refuge Complex, Parks in the San Joaquin Valley,0.827589471,367900,0.821205357,7.307431163,6.833973166
Human–animal communication, Animal intelligence,0.810156322,18700000,1,-200.4696417,29.00739679
Human–animal communication, Human–animal communication,0.810142817,-1,6,,
San Luis National Wildlife Refuge Complex, Wetlands of California,0.805311814,979900,0.924433962,98.22598142,9.618296051
Zoophilia, Animal pornography,0.798019092,1216000,0.844444444,13.957565,41.87269499
Pauleen Bennett, Animals and humans,0.777410354,267998230,0.999993396,8.863779677,15.16365748
Human–animal communication, Animals and humans,0.766855723,268000000,1,8.863779677,21.75014482
Cyborg, Transhumanism,0.766706281,2978000,0.930625,-1,3.053956115
Animal-assisted therapy, Animal-assisted therapy,0.746240908,10000,0.005882353,-1,6
Cyborg, Cyborgs,0.721137583,0,0,-1,2.080458723
Zoophilia, Zoophilia,0.696102934,24000,0.096774194,-1,-1
