article, category, funfact score, google count non norm, google count nom, category dissimilarity, combined dissimilarity,,
Gloppedalsura, Bjerkreim,2.310206846,42520,0.942793792,-1,-1,,
Gloppedalsura, Gjesdal,1.750534219,123420,0.97952381,-1,-1,,
Hypatia (stone), Comets,1.684916842,4879400,0.993767821,-1,30.43978643,,
Sailing stones, Natural history of the Mojave Desert,1.655599775,3112000,0.963467492,9.466662422,11.51330255,,
Keweenawite, Geology of Michigan,1.543930201,923968,0.999965368,92.21119468,184.4223894,,
Gloppedalsura, Rocks,1.516780673,216997420,0.999988111,-1,-1,,
Pounamu, Petrology,1.486065875,391000,0.903002309,-1,4.018179114,,
Verd antique, National symbols of the Republic of Ireland,1.461118551,511500,0.871379898,12.35702085,17.31576155,,
Fault gouge, Fracture mechanics,1.414758288,1511900,0.975419355,4.612859343,6.443904766,,
Pulpí Geode, Andalusia geography stubs,1.358992278,926,1,16.87125613,27.09347458,,
Anthropic rock, Artificial stone,1.337962769,5596700,0.995854093,8.613788054,9.902221444,,
Desert varnish, Deposition (geology),1.335782088,1772000,0.894949495,-1,14.07376682,,
Sliding criterion (geotechnical engineering), Mining engineering,1.272409375,12883400,0.998713178,5.476047313,36.9723393,,
Mohawkite, Geology of Michigan,1.233642192,921600,0.997402597,92.21119468,184.4223894,,
Gloppedalsura, Norway geography stubs,1.231303028,8620,0.769642857,56.90805959,113.8161192,,
Howard's Rock, Clemson Tigers,1.20344555,1063000,0.824031008,2.327996164,10.74842681,,
Pounamu, Gemstones,1.199407508,15058000,0.997218543,-1,4.53688788,,
Tilt test (geotechnical engineering), Rocks,1.190616059,216986100,0.999935945,-1,45.24501538,,
Boulder, Garden features,1.173029103,115980000,0.92784,21.25359962,14.17012611,,
Gloppedalsura, Landforms of Rogaland,1.17255306,61720,0.959875583,-1,-1,,
Bedrock, Petrology,1.170659519,6837000,0.940440165,-1,4.078331062,,
Pulpí Geode, Rocks,1.167857475,217000000,1,-1,15.63992095,,
Whinstone, Quarrying,1.16626487,4797900,0.997484407,-1,4.807617085,,
Pet Rock, Products introduced in 1975,1.163123936,79170000,0.944749403,47.65799662,20.52996866,,
Tilt test (geotechnical engineering), Tunnel construction,1.162963768,4456100,0.99689038,4.447422701,29.22481465,,
Desert varnish, Sedimentology,1.159072671,55000,0.209125475,-1,37.50529807,,
Sailing stones, Rock formations of Nevada,1.158853647,1402000,0.63438914,20.20676289,19.03279712,,
Pounamu, Geology of New Zealand,1.150452735,4398000,0.990540541,27.10974817,15.67788058,,
Coralline rock, Petrology stubs,1.128105474,35950,0.946052632,13.62221828,19.63068676,,
Pet Rock, Rocks,1.120844265,133200000,0.613824885,-1,3.364460397,,
Pounamu, Rocks,1.120639659,216958000,0.999806452,-1,4.81152151,,
Sliding criterion (geotechnical engineering), Rock mass classification,1.118879275,849400,0.980831409,14.7280477,28.13832121,,
Boulder, Natural materials,1.11849189,96980000,0.91490566,7.064897583,8.567205078,,
Pet Rock, Virtual pets,1.112525759,38300000,0.456495828,20.45997972,4.675972854,,
Sliding criterion (geotechnical engineering), Tunnel construction,1.108994648,6183400,0.997322581,4.447422701,27.09332354,,
Verd antique, Architecture stubs,1.091688449,448500,0.855916031,-429.6645697,15.43142786,,
Sailing stones, Death Valley,1.090696072,34090000,0.939118457,9.021940114,18.37106815,,
Verd antique, Petrology stubs,1.08784199,73450,0.972847682,13.62221828,9.759999402,,
Verd antique, Gemstones,1.077795255,15024500,0.995,-1,7.53119049,,
Dallasite, Gemstones,1.077610959,15080500,0.998708609,-1,9.177188951,,
Bedrock, Rocks,1.064245214,209730000,0.966497696,-1,2.97631509,,
Rock mass classification, Rocks,1.062518877,216134000,0.996009217,-1,7.735955734,,
Pulpí Geode, Geology of Spain,1.061006297,2460000,1,-454.9759081,48.46165925,,
Desert varnish, Deserts,1.059550082,35292000,0.994140845,-1,5.277375526,,
Pet Rock, Novelty items,1.058275148,75520000,0.90011919,7.236744095,6.931782069,,
Sailing stones, Stones,1.055859305,109770000,0.971415929,-1,6.576499428,,
Sailing stones, Death Valley National Park,1.051080308,26790000,0.923793103,5.837854062,10.21506452,,
Hypatia (stone), Rocks,1.05051953,216969400,0.999858986,-1,38.82779375,,
Sliding criterion (geotechnical engineering), Rocks,1.037921416,216983400,0.999923502,-1,50.06541647,,
Anthropic rock, Rocks,1.028342938,216976700,0.999892627,-1,7.621944401,,
Keweenawite, Rocks,1.025432338,216999968,0.999999853,-1,-1,,
Fault gouge, Petrology stubs,1.022328391,36050,0.946194226,13.62221828,9.038233748,,
Howard's Rock, Rocks,1.017283907,216772000,0.998949309,-1,5.546214673,,
List of U.S. state minerals, rocks, stones and gemstones, Minerals,1.011213582,37262000,0.991010638,-1,27.96277135
List of U.S. state minerals, rocks, stones and gemstones, Lists of United States state symbols,1.009077401,34162000,0.990202899,13.80777139,17.93552815
Keweenawite, Minerals,1.008636916,37599968,0.999999149,-1,-1,,
Anthropic rock, Building materials,1.005611489,265976700,0.999912406,4.544507517,12.960008,,
Ventifact, Petrology,0.994274437,427350,0.986951501,-1,-1,,
Sliding criterion (geotechnical engineering), Geotechnical engineering,0.993843096,993400,0.983564356,2.018462653,20.46821307,,
Dallasite, Petrology stubs,0.986090074,17450,0.894871795,13.62221828,18.06540811,,
Dallasite, Geology of British Columbia,0.986043072,728500,0.973930481,55.61824206,32.96943624,,
Pounamu, Hardstone carving,0.985943649,13900,0.330952381,-1,21.10196768,,
Sailing stones, Earth mysteries,0.981968847,2670000,0.547131148,5.173825252,8.57935557,,
Coralline rock, Rocks,0.980031122,216962000,0.999824885,-1,7.621944401,,
Tilt test (geotechnical engineering), Geotechnical engineering,0.978255484,996100,0.986237624,2.018462653,16.61502189,,
Boulder, Rocks,0.969432333,207980000,0.95843318,-1,8.72749562,,
Boulder, Rock formations,0.968115101,14680000,0.619409283,14.16220178,8.46317373,,
Keweenawite, Mineral stubs,0.967985599,78568,0.999592875,18.95116961,56.85350882,,
Verd antique, Rocks,0.962697777,216924500,0.999652074,-1,9.627196953,,
Sailing stones, Rock formations of California,0.958876523,1250000,0.361271676,67.82921891,27.69043401,,
Verd antique, Geology of Greece,0.95363994,1154500,0.938617886,41.42762629,19.47220284,,
Rock mass classification, Tunnel construction,0.949803012,3604000,0.806263982,4.447422701,13.59546122,,
Outcrop, Rock formations,0.946111296,17160000,0.724050633,14.16220178,6.015273428,,
Limonite, Rocks,0.941474519,216927700,0.99966682,-1,5.104339961,,
Verd antique, Building stone,0.938130336,81024500,0.999069051,5.61209427,8.042963872,,
Bedrock, Geology stubs,0.933393643,7228500,0.994291609,23.06744272,8.883088549,,
Ventifact, Aeolian landforms,0.905944506,2164350,0.997396313,3.091544899,9.274634697,,
Mohawkite, Rocks,0.905922328,216997600,0.99998894,-1,-1,,
Outcrop, Rocks,0.902771455,210460000,0.969861751,-1,3.430315014,,
Sailing stones, Rocks,0.896176883,213770000,0.985115207,-1,5.977146759,,
Whinstone, Geology stubs,0.893327745,29400,0.708433735,23.06744272,22.83775474,,
Desert varnish, Rocks,0.885117772,216792000,0.999041475,-1,6.132924291,,
Fault breccia, Breccias,0.882101995,630000,0.830039526,-1,6.726444501,,
Verd antique, Breccias,0.881217289,683500,0.900527009,-1,71.23567443,,
Limonite, Iron ores,0.880702876,4897700,0.985452716,3.306275889,3.2717114,,
Fault gouge, Rocks,0.874489652,216961900,0.999824424,-1,9.261494596,,
Rock mass classification, Rock mass classification,0.87388504,0,0,14.7280477,3.932083027,,
Fault gouge, Tectonics,0.872314109,1701900,0.978103448,-1,7.459470061,,
Pounamu, Māori culture,0.865973289,41982,0.999571429,-1,79.96862038,,
Dallasite, Rocks,0.865887694,216980500,0.999910138,-1,12.61219335,,
Weaubleau egg, Rocks,0.857319907,216999749,0.999998843,-1,7.67509845,,
Pounamu, Māori words and phrases,0.856520997,41960,0.999047619,8.450662358,13.10749935,,
List of U.S. state minerals, rocks, stones and gemstones, Rocks,0.84770973,216662000,0.998442396,-1,31.92171046
Fault breccia, Rocks,0.846000832,216871000,0.99940553,-1,3.550437067,,
Fault breccia, Tectonics,0.838807223,1611000,0.925862069,-1,2.89154926,,
Ventifact, Rocks,0.825969411,216994350,0.999973963,-1,-1,,
Phenocryst, Petrology,0.821936889,383200,0.884988453,-1,-1,,
Whinstone, Rocks,0.800054963,216987900,0.99994424,-1,3.371783484,,
Geode, Petrology,0.799911859,342000,0.441290323,-1,5.30819965,,
Phenocryst, Rocks,0.790672079,216950200,0.999770507,-1,-1,,
List of U.S. state minerals, rocks, stones and gemstones, Gemstone-related lists,0.783650593,1142000,0.771621622,-1,31.27595002
Geode, Rocks,0.778350464,216225000,0.996428571,-1,5.213306983,,
Geode, Mineralogy,0.773633979,995000,0.562146893,-1,6.219488968,,
