,,,,,,,
Dearborn-Putnam controversy, History of Boston,1.245058121,67799135,0.999987242,49.45208991,95.91603194,
Dearborn-Putnam controversy, Military history of New England,1.128797196,23799135,0.999963655,10.89440886,17.9954926,
Dearborn-Putnam controversy, Battles of the American Revolutionary War,1.090380481,3389135,0.999744838,8.260901687,12.38844135,
Dearborn-Putnam controversy, People of the American Revolution,1.022976477,32999135,0.999973788,11.7627166,17.8369439,
Dearborn-Putnam controversy, Massachusetts in the American Revolution,1.007020776,6049135,0.999857025,5.112870544,8.967165028,
Dearborn-Putnam controversy, American Revolutionary War casualties,1,134135,0.993592593,6.194019305,12.79875682,
Dearborn-Putnam controversy, American Revolution,0.981647953,34799135,0.999975144,4.511330401,18.10342733,
,,,,,,,
Godfrey–Milliken Bill, 35th Canadian Parliament,1.399467695,12900,1,19.36424183,24.92729241,
Godfrey–Milliken Bill, Boycotts of Cuba,1.120368997,194000,1,23.97476365,29.25821224,
Godfrey–Milliken Bill, American Revolution,0.980638564,34800000,1,4.511330401,16.50262148,
Godfrey–Milliken Bill, Canada–United States relations,0.913801991,19,1,74.34812276,117.7471155,
Godfrey–Milliken Bill, Proposed laws of Canada,0.874854535,5660000,1,14.93394662,15.52781909,
,,,,,,,
Gwynn's Island, Middle Peninsula geography stubs,1.41653128,109510,0.969115044,14.82511278,15.30565346,
Gwynn's Island, American Revolution,1.090754384,34687000,0.996752874,4.511330401,15.52133505,
Gwynn's Island, Islands of the Chesapeake Bay,1.006922109,2837000,0.961694915,9.489543008,8.638391649,
Gwynn's Island, Landforms of Mathews County, Virginia,0.981844276,106180,0.939646018,71.6934381,83.43756201
Gwynn's Island, Islands of Virginia,0.890090246,7387000,0.984933333,20.49770936,11.52661072,
,,,,,,,
Sons of Liberty, National liberation movements,1.207313359,17500000,0.825471698,5.796111132,12.30718459,
Sons of Liberty, American secret societies,1.099104371,17970000,0.847641509,9.489827821,16.97089785,
Sons of Liberty, New York (state) in the American Revolution,1.080317928,19900000,0.484184915,8.419038726,11.28772751,
Sons of Liberty, Patriots in the American Revolution,1.040328306,19550000,0.922169811,5.810921712,8.86651445,
Sons of Liberty, Patriotic societies,0.927097859,21064000,0.993584906,25.11304824,17.24107288,
Sons of Liberty, American Revolution,0.828119405,13600000,0.390804598,4.511330401,9.699723817,
