,,,,,,
Animal transporter, Road transport,1.18825586,74140000,0.949295775,8.76414257,8.537934372
Animal transporter, Intensive farming,1.045850126,2410000,0.608585859,5.633778564,12.37166445
Animal transporter, Vehicle stubs,1.042146051,3423000,0.864393939,303.0741832,15.92702976
Animal transporter, Animals and humans,0.896651122,264040000,0.985223881,8.863779677,7.137026555
Animal transporter, Livestock,0.869846786,11640000,0.746153846,-1,7.262587784
,,,,,,
Cyborg, Words coined in the 1960s,1.212820098,2931000,0.9159375,12.95835786,18.10003793
Cyborg, Biotechnology,1.101558279,10900000,0.773049645,-1,11.9879053
Cyborg, Robotics,1.010798707,21600000,0.870967742,-1,4.529384257
Cyborg, Neurotechnology,0.955806791,3095000,0.9671875,-1,6.871584874
Cyborg, Futurology,0.929595764,4530000,0.586028461,-1,5.368450234
Cyborg, Implants (medicine),0.926757866,1020000,0.31875,-1,16.75015702
Cyborg, Science fiction themes,0.907222202,17700000,0.846889952,5.740486019,6.736984331
Cyborg, Cyberpunk themes,0.904365828,2509000,0.7840625,3.567553587,4.572555184
Cyborg, Cybernetics,0.86885229,2080000,0.65,-1,4.755224742
Cyborg, Biocybernetics,0.829980224,3188300,0.99634375,-1,-1
Cyborg, Transhumanism,0.766706281,2978000,0.930625,-1,3.053956115
Cyborg, Cyborgs,0.721137583,0,0,-1,2.080458723
,,,,,,
Devocalization, Dog breeding,1.079736607,33297930,0.999937838,5.437337624,16.31201287
Devocalization, Animal rights,0.938281441,331997930,0.999993765,7.224722024,21.67416607
Devocalization, Dog anatomy,0.932459514,5327930,0.999611632,21.82742707,65.48228122
Devocalization, Animal welfare,0.894814073,13297930,0.999844361,4.620345256,13.86103577
Devocalization, Animals and humans,0.861339033,267997930,0.999992276,8.863779677,17.72755935
Devocalization, Dog health,0.842629833,156997930,0.999986815,13.84965737,41.5489721
,,,,,,
Entire (animal), Animal anatomy,1.23746938,15900000,0.531772575,5.953721674,19.48189642
Entire (animal), Vertebrate anatomy stubs,1.23115252,29892320,0.999743144,5.152024644,11.45675256
Entire (animal), Dog health,1.045286155,127100000,0.80955414,13.84965737,28.3174822
Entire (animal), Animal rights,0.968019516,302100000,0.909939759,7.224722024,16.82667336
Entire (animal), Animals and humans,0.952658627,238100000,0.888432836,8.863779677,19.20965514
,,,,,,
Gee and haw, Horse training,1.654052437,13842200,0.995841727,12.0497155,15.93391812
Gee and haw, History of agriculture,1.620594515,90742200,0.999363436,27.59720568,31.39370531
Gee and haw, Horse driving,1.542202971,23942200,0.997591667,17.53163597,18.53778374
Gee and haw, Dog training and behavior,1.361371937,3142200,0.9819375,19.70253885,21.77735266
Gee and haw, Animals and humans,1.279597028,267942200,0.999784328,8.863779677,25.27265977
Gee and haw, Dog sledding,1.245903021,631200,0.916110305,5.614934205,14.85156708
,,,,,,
Human–animal hybrid, Mythological characters,1.335487726,14199964,0.999997465,3.123466381,16.44019042
Human–animal hybrid, Science fantasy,1.326281037,70599964,0.99999949,65.29950433,29.32584271
Human–animal hybrid, Mythic animals,1.307974522,529964,0.999932075,10.45644203,25.44400311
Human–animal hybrid, Furry fandom,1.290143251,527964,0.999931818,8.726597583,24.98684091
Human–animal hybrid, Mythic humanoids,1.287095354,101964,0.999647059,5.099179522,10.22647878
Human–animal hybrid, Animals in mythology,1.270030339,5849964,0.999993846,16.33557781,23.20010392
Human–animal hybrid, Mythological human hybrids,1.238132263,528964,0.999931947,9.981191544,7.814741414
Human–animal hybrid, Mythological hybrids,1.16673156,639964,0.99994375,607.1289324,7.408683798
Human–animal hybrid, Genetic engineering,1.128421752,11399964,0.999996842,6.248580552,17.53043191
Human–animal hybrid, Hybrid animals,1.097877019,5359964,0.999993284,19.12929772,6.996253139
Human–animal hybrid, Zoophilia,1.039825452,222964,0.999838565,-1,-1
Human–animal hybrid, Biopunk,1.036091111,53864,0.999332096,-1,-1
Human–animal hybrid, Anthropomorphism,0.982074419,200964,0.999820896,-1,22.21016627
Human–animal hybrid, Thought experiments,0.97191259,12599964,0.999997143,9.120863191,20.2449555
Human–animal hybrid, Human-derived fictional species,0.932863362,354964,0.999898592,688.7079245,31.17612241
Human–animal hybrid, Animals and humans,0.914687803,267999964,0.999999866,8.863779677,16.25081775
Human–animal hybrid, Mammal hybrids,0.900769458,1299964,0.999972308,9.587964208,6.312384261
Human–animal hybrid, Transhumanism,0.881549144,221964,0.999837838,-1,17.61253278
,,,,,,
Manasollasa, Animals and humans,1.752226483,267998390,0.999993993,8.863779677,17.72755935
Manasollasa, Cookbooks,1.522711448,9168390,0.999824427,-1,-1
Manasollasa, Theatre in India,1.28417094,15798390,0.999898101,17.08349427,34.16698854
Manasollasa, Indian encyclopedias,1.27475741,9648390,0.999833161,27.74929329,83.24787987
Manasollasa, Cultural history of India,1.126508779,34598390,0.999953468,32.17731886,53.62886477
Manasollasa, Hindu texts,1.101055263,13198390,0.99987803,5.211551767,15.6346553
Manasollasa, Dance in India,1.09500483,44998390,0.999964222,14.71315468,29.42630936
Manasollasa, Musical theatre,1.04460446,36498390,0.99995589,-1,-1
Manasollasa, Sanskrit encyclopedias,1.036341501,244390,0.993455285,4.084498768,12.25349631
Manasollasa, Sanskrit texts,1.01704823,3608390,0.999554017,3.061250538,9.183751613
Manasollasa, Literary theory,1.009808491,5588390,0.999711986,27.16688398,81.50065193
Manasollasa, 12th-century Indian books,0.991097862,553390,0.997099099,44.66105397,89.32210794
Manasollasa, Non-fiction books about theatre,0.945299235,3778390,0.999574074,48.33161824,80.55269707
,,,,,,
Pauleen Bennett, La Trobe University alumni,1.106317206,41430,0.959027778,6.498461259,7.16509427
Pauleen Bennett, Australian women academics,1.060734921,9798230,0.999819388,6.105284301,9.994829893
Pauleen Bennett, Australian scientists,0.978932116,3798230,0.999534211,9.064636385,16.52719881
Pauleen Bennett, Australian women scientists,0.930080686,2958230,0.999402027,7.342402027,12.7922871
Pauleen Bennett, Animals and humans,0.777410354,267998230,0.999993396,8.863779677,15.16365748
,,,,,,
San Luis National Wildlife Refuge Complex, Animal shelters in the United States,1.229186239,71720000,0.998885794,8.007859058,8.628103588
San Luis National Wildlife Refuge Complex, Natural history of the Central Valley (California),1.107246375,10819900,0.992651376,15.17559875,11.48993378
San Luis National Wildlife Refuge Complex, San Joaquin River,1.069032348,480000,0.857142857,5.145353659,5.715528779
San Luis National Wildlife Refuge Complex, Animals and humans,1.025806198,267920000,0.999701493,8.863779677,9.549844427
San Luis National Wildlife Refuge Complex, Important Bird Areas of California,1.01209821,5130000,0.984644914,23.18471933,11.24587989
San Luis National Wildlife Refuge Complex, National Wildlife Refuges in California,0.856664146,344900,0.811529412,7.066515869,6.16065441
San Luis National Wildlife Refuge Complex, Parks in the San Joaquin Valley,0.827589471,367900,0.821205357,7.307431163,6.833973166
San Luis National Wildlife Refuge Complex, Wetlands of California,0.805311814,979900,0.924433962,98.22598142,9.618296051
,,,,,,
Zoophilia, Paraphilias,0.926326515,178100,0.798654709,-1,-1
Zoophilia, Sexual misconduct,0.897738911,3507000,0.940214477,7.010523809,21.03157143
Zoophilia, Cruelty to animals,0.889625249,3416000,0.938461538,9.292661824,18.58532365
Zoophilia, Animals and humans,0.868010487,267777000,0.99916791,8.863779677,17.72755935
Zoophilia, Animal pornography,0.798019092,1216000,0.844444444,13.957565,41.87269499
Zoophilia, Zoophilia,0.696102934,24000,0.096774194,-1,-1
