,,,,,,
Bradley Cooper, Georgetown University alumni,1.461606351,2889000,0.878115502,3.74860817,4.643329663
Bradley Cooper, Germantown Academy alumni,1.349985434,3263400,0.991914894,6.98531546,6.471855854
Bradley Cooper, Villanova University alumni,1.29524646,3160000,0.957575758,3.828052221,5.301958762
Bradley Cooper, American people of Irish descent,1.118910564,2771000,0.84224924,10.83312506,10.03685915
Bradley Cooper, American Roman Catholics,1.112307242,3950000,0.544827586,6.559774149,7.195219149
Bradley Cooper, People of Campanian descent,1.003432866,3292760,0.997806061,-238.1040571,23.65881989
Bradley Cooper, The New School alumni,1.001823125,21110000,0.865163934,7.634641476,7.529350716
Bradley Cooper, Georgetown Hoyas athletes,1,2962000,0.897575758,4.030010305,4.799317046
Bradley Cooper, American film producers,0.95656551,19400000,0.854625551,7.367979064,7.658694337
Bradley Cooper, American people of Italian descent,0.952990344,2639000,0.79969697,10.75198107,11.29593219
Bradley Cooper, American male television actors,0.907590535,8200000,0.713043478,6.059069673,7.041166006
Bradley Cooper, Outstanding Performance by a Cast in a Motion Picture Screen Actors Guild Award winners,0.884439905,3196000,0.962650602,9.21956544,9.85614054
Bradley Cooper, American male film actors,0.879461985,19280000,0.853097345,5.006396455,6.670048229
Bradley Cooper, Male actors from Philadelphia,0.873223097,1390000,0.296375267,17.24195283,9.295480256
Bradley Cooper, 20th-century American male actors,0.869974996,2680000,0.446666667,11.35102014,9.651712826
Bradley Cooper, American male stage actors,0.864149485,6520000,0.663275687,6.236356428,7.165372131
Bradley Cooper, Actors Studio alumni,0.863618495,2924000,0.886060606,6.067241375,6.845141977
Bradley Cooper, 21st-century American male actors,0.859975257,480000,0.145454545,11.35102014,9.651712826
Bradley Cooper, Male actors of Italian descent,0.84537745,2775000,0.840909091,16.98448111,14.83975565
Bradley Cooper, Bradley Cooper,0.660108385,10000,0.003021148,1.695449384,1.376381496
,,,,,,
Channing Tatum, Glenville State College alumni,1.50873496,5402830,0.998674677,4.051485144,5.684566298
Channing Tatum, Glenville State Pioneers football players,1.423985619,5397800,0.999592593,5.182859256,6.262704301
Channing Tatum, Activists from Alabama,1.221002222,5043000,0.933888889,18.35217322,10.56680457
Channing Tatum, Gaither High School alumni,1.216564839,5402490,0.99861183,7.180125098,6.158004167
Channing Tatum, LGBT rights activists from the United States,1.039718669,1930000,0.356746765,7.699530036,10.01097529
Channing Tatum, American male dancers,1.039588848,6090000,0.529565217,6.20774414,6.715131895
Channing Tatum, American documentary film producers,0.969299841,1200000,0.222222222,4.50395163,6.236336245
Channing Tatum, American wushu practitioners,0.94865404,5390080,0.998162963,10.99319581,9.429395535
Channing Tatum, American film producers,0.939934662,17300000,0.762114537,7.367979064,7.095177271
Channing Tatum, Male actors from Alabama,0.906730965,2650000,0.489833641,15.83883515,8.406347028
Channing Tatum, 21st-century American male actors,0.901898284,2590000,0.478743068,11.35102014,8.887664242
Channing Tatum, Male actors from Mississippi,0.895126349,1460000,0.27037037,14.7734332,8.240978743
Channing Tatum, American people of English descent,0.884449879,2430000,0.449168207,11.16760819,12.85235442
Channing Tatum, American male voice actors,0.880717645,5390000,0.499074074,6.399452276,6.401578604
Channing Tatum, Male actors from Florida,0.864870427,2230000,0.291884817,22.38613238,10.18234974
Channing Tatum, American male television actors,0.863967104,6090000,0.529565217,6.059069673,6.897440861
Channing Tatum, American male film actors,0.846286977,17200000,0.761061947,5.006396455,5.673444596
Channing Tatum, Male models from Alabama,0.844068853,1000000,0.184842884,12.7623809,9.030191243
Channing Tatum, People with attention deficit hyperactivity disorder,0.832112084,4768000,0.882962963,8.064621096,9.105645824
Channing Tatum, American male erotic dancers,0.831081629,1700000,0.314814815,5.756551795,6.983375562
,,,,,,
Chris Hemsworth, Dancing with the Stars (Australian TV series) participants,0.958187801,1573000,0.823560209,14.83400714,15.79253186
Chris Hemsworth, Logie Award winners,0.907867067,1864300,0.976073298,4.288592428,6.576722634
Chris Hemsworth, Australian male soap opera actors,0.875890396,1478000,0.77382199,6.462821794,7.780506763
Chris Hemsworth, Male actors from Melbourne,0.871358923,760000,0.397905759,14.48554218,11.5621324
Chris Hemsworth, Australian male film actors,0.859899436,6200000,0.764488286,5.243356924,6.569195102
Chris Hemsworth, 21st-century Australian male actors,0.82112589,410000,0.176724138,12.85337181,10.69821851
Chris Hemsworth, Australian expatriate male actors in the United States,0.802004013,1844300,0.965602094,7.774742801,9.05854727
Chris Hemsworth, Australian male video game actors,0.75645978,58590000,0.968429752,10.05718969,8.744071819
,,,,,,
Chris Pratt, American people of Norwegian descent,0.969191095,4350000,0.923566879,13.83604121,22.11029829
Chris Pratt, American Christians,0.96886177,73390000,0.939692702,9.488112121,15.94564946
Chris Pratt, American male voice actors,0.909141815,6090000,0.563888889,6.399452276,11.23303141
Chris Pratt, Male actors from Washington (state),0.902592241,3310000,0.412718204,26.4237099,22.77773025
Chris Pratt, 21st-century American male actors,0.881358172,1890000,0.401273885,11.35102014,17.33740997
Chris Pratt, American male television actors,0.880585678,6790000,0.590434783,6.059069673,11.12860958
Chris Pratt, American male film actors,0.86651248,17790000,0.790666667,5.006396455,10.05635109
Chris Pratt, Male actors from Minnesota,0.866345372,3610000,0.766454352,22.0596311,19.1081959
,,,,,,
Hugh Jackman, 21st-century Australian singers,1.199016646,490000,0.193675889,291.781601,12.80177075
Hugh Jackman, Australian television presenters,1.195250968,1497000,0.733823529,7.163509675,7.179897735
Hugh Jackman, Australian male singers,1.168292446,7060000,0.775824176,7.472887464,7.639766331
Hugh Jackman, Australian people of English descent,1.154611736,1570000,0.769607843,17.1878087,14.84146879
Hugh Jackman, People educated at Knox Grammar School,1.144730648,1999400,0.980098039,8.716686852,8.316511897
Hugh Jackman, Australian people of Greek descent,1.105493099,1928000,0.945098039,18.37791828,15.85439398
Hugh Jackman, Australian Christians,1.099380202,15460000,0.883428571,28.24149325,8.943995202
Hugh Jackman, 20th-century Australian singers,1.069346595,1394000,0.683333333,291.781601,12.80177075
Hugh Jackman, Australian male musical theatre actors,1.001725894,640000,0.31372549,9.994406231,8.571400586
Hugh Jackman, University of Technology Sydney alumni,0.986344986,1424000,0.698039216,12.48534556,11.78251896
Hugh Jackman, Hugh Jackman,0.975156021,0,0,4.258215508,2.041260245
Hugh Jackman, Best Musical or Comedy Actor Golden Globe (film) winners,0.971864033,2080000,0.504854369,9.655143344,10.1258045
Hugh Jackman, Australian male stage actors,0.959747013,2730000,0.572327044,6.371434143,6.628453027
Hugh Jackman, 20th-century Australian male actors,0.933739906,1297000,0.635784314,12.85337181,9.258716042
Hugh Jackman, Australian male television actors,0.928791775,1340000,0.396449704,6.636315341,7.147376785
Hugh Jackman, Australian male voice actors,0.926344186,2310000,0.531034483,7.120621806,6.956474853
Hugh Jackman, Australian male film actors,0.921177092,6080000,0.748768473,5.243356924,5.698784704
Hugh Jackman, Australian expatriate male actors in the United States,0.91725251,1974300,0.967794118,7.774742801,8.285475558
Hugh Jackman, Male actors from Sydney,0.912719429,3960000,0.66,11.35397324,8.095356526
Hugh Jackman, 21st-century Australian male actors,0.911083392,270000,0.116883117,12.85337181,9.258716042
Hugh Jackman, Transcendental Meditation practitioners,0.909955715,2002100,0.981421569,3.223938694,7.833716328
Hugh Jackman, Tony Award winners,0.891341757,6940000,0.772828508,4.721958683,5.485298406
Hugh Jackman, Australian male video game actors,0.891294632,58460000,0.966280992,10.05718969,8.940970348
Hugh Jackman, Primetime Emmy Award winners,0.883981283,1320000,0.647058824,4.509905496,6.858361038
Hugh Jackman, Empire Icon Award winners,0.883012317,520000,0.254901961,5.836026284,7.631273268
Hugh Jackman, Male actors of Greek descent,0.873871769,1950400,0.956078431,14.37691674,14.20317798
Hugh Jackman, Drama Desk Award winners,0.864422707,1538000,0.753921569,5.503642467,8.141649122
Hugh Jackman, Skin cancer survivors,0.862353687,260000,0.113043478,4.754214603,8.312660619
,,,,,,
Jennifer Lawrence, American feminists,1.103138527,7170000,0.471710526,5.063799932,7.990971468
Jennifer Lawrence, American philanthropists,1.068558386,14418000,0.948552632,11.83939563,12.48324075
Jennifer Lawrence, Best Actress AACTA International Award winners,1.010802085,15184100,0.998953947,7.228437343,8.617062031
Jennifer Lawrence, Outstanding Performance by a Female Actor in a Leading Role Screen Actors Guild Award winners,0.996327194,15042000,0.989605263,8.429285573,9.091599808
Jennifer Lawrence, Best Supporting Actress AACTA International Award winners,0.976963456,15195100,0.999677632,7.507711908,8.891749601
Jennifer Lawrence, American female models,0.947673205,18300000,0.546268657,6.145897811,8.550822103
Jennifer Lawrence, Independent Spirit Award for Best Female Lead winners,0.944529993,6300000,0.293023256,6.354471968,7.452507592
Jennifer Lawrence, Best Actress Empire Award winners,0.942482142,12330000,0.811184211,5.562258689,6.61274917
Jennifer Lawrence, Best Actress Academy Award winners,0.937315808,12670000,0.833552632,4.468061594,5.912731063
Jennifer Lawrence, Female models from Kentucky,0.907747314,11590000,0.7625,15.41279895,12.48924325
Jennifer Lawrence, American child models,0.903314806,107800000,0.876422764,16.25739235,11.2028646
Jennifer Lawrence, Best Supporting Actress BAFTA Award winners,0.90168485,15113200,0.994289474,4.327592729,5.853694732
Jennifer Lawrence, Best Musical or Comedy Actress Golden Globe (film) winners,0.901267248,11280000,0.742105263,9.812984292,10.19681019
Jennifer Lawrence, Best Supporting Actress Golden Globe (film) winners,0.900593041,14010000,0.921710526,10.85306594,10.68922626
Jennifer Lawrence, American child actresses,0.887344719,22100000,0.592493298,10.323646,8.081410181
Jennifer Lawrence, Outstanding Performance by a Cast in a Motion Picture Screen Actors Guild Award winners,0.886053314,14931000,0.982302632,9.21956544,9.939172091
Jennifer Lawrence, Marcello Mastroianni Award winners,0.879178945,15161400,0.997460526,8.477601568,8.487098369
Jennifer Lawrence, American television actresses,0.866367431,6100000,0.40397351,7.566711822,8.968829941
Jennifer Lawrence, 21st-century American actresses,0.848476628,14682000,0.965921053,86.73006401,14.18968287
Jennifer Lawrence, American film actresses,0.823121243,1900000,0.111111111,5.597405553,7.406205128
,,,,,,
Leonardo DiCaprio, Best Actor AACTA International Award winners,1.13329258,3444800,0.995606936,7.68006696,10.11187624
Leonardo DiCaprio, American male soap opera actors,1.048948191,2470000,0.713872832,6.505527769,6.877080461
Leonardo DiCaprio, Best Drama Actor Golden Globe (film) winners,1.035068632,1780000,0.514450867,9.496577816,10.89047318
Leonardo DiCaprio, Best Actor AACTA Award winners,1.032356441,3437400,0.993468208,6.852920002,9.636845458
Leonardo DiCaprio, Outstanding Performance by a Male Actor in a Leading Role Screen Actors Guild Award winners,1.030584299,3225000,0.932080925,8.663622974,9.627427448
Leonardo DiCaprio, Best Actor Academy Award winners,1.001915943,270000,0.072386059,4.775035858,6.868208043
Leonardo DiCaprio, American environmentalists,0.999368395,2811000,0.812427746,11.60417702,7.588415141
Leonardo DiCaprio, Best Actor BAFTA Award winners,0.988521578,2985000,0.862716763,3.878151341,5.754229517
Leonardo DiCaprio, American male child actors,0.983147329,26840000,0.885808581,6.048696833,6.711977307
Leonardo DiCaprio, American agnostics,0.976209001,2873000,0.830346821,10.37051557,12.5142165
Leonardo DiCaprio, Contestants on American game shows,0.967698414,88240000,0.962268266,11.37101316,14.04928618
Leonardo DiCaprio, American male television actors,0.953772269,8040000,0.699130435,6.059069673,7.108705111
Leonardo DiCaprio, Best Musical or Comedy Actor Golden Globe (film) winners,0.953522392,30000,0.00867052,9.655143344,10.99410904
Leonardo DiCaprio, American film producers,0.944607566,19240000,0.847577093,7.367979064,6.672178766
Leonardo DiCaprio, Film producers from California,0.930870871,2940000,0.459375,9.692638988,9.683349453
Leonardo DiCaprio, Silver Bear for Best Actor winners,0.930137306,380000,0.10982659,8.161371437,9.502978004
Leonardo DiCaprio, American male film actors,0.926146409,19140000,0.846902655,5.006396455,5.432918553
Leonardo DiCaprio, 21st-century American male actors,0.911942848,640000,0.184971098,11.35102014,9.892108483
Leonardo DiCaprio, 20th-century American male actors,0.893357356,2540000,0.423333333,11.35102014,9.892108483
Leonardo DiCaprio, Leonardo DiCaprio,0.722639265,0,0,5.351510202,2.183841165
,,,,,,
Liam Neeson, Bohemian F.C. players,1.74984487,725000,0.752074689,14.96934854,11.28385115
Liam Neeson, Alumni of Queen's University Belfast,1.181905257,929500,0.964211618,8.556442338,8.624835444
Liam Neeson, Expatriates from Northern Ireland in the United States,1.097132881,883900,0.916908714,6.070386309,7.352999933
Liam Neeson, Officers of the Order of the British Empire,1.077660657,116000,0.107407407,9.911184107,11.0489252
Liam Neeson, People from Ballymena,1.077241058,768000,0.796680498,15.88608798,6.202448576
Liam Neeson, People with acquired American citizenship,0.833249496,2236000,0.69875,14.99966597,14.15206842
Liam Neeson, Immigrants to the United States from Northern Ireland,0.82957754,244000,0.253112033,9.327456195,9.8976446
Liam Neeson, 20th-century male actors from Northern Ireland,0.814595974,116000,0.107407407,14.88711232,10.32084125
Liam Neeson, Volpi Cup winners,0.812476075,959960,0.995809129,10.72011289,9.998539525
Liam Neeson, Male video game actors from Northern Ireland,0.80839853,12036000,0.925846154,12.99394065,10.12513953
Liam Neeson, Male television actors from Northern Ireland,0.794180471,2006000,0.675420875,12.7955403,9.839932992
Liam Neeson, Male film actors from Northern Ireland,0.787307762,2366000,0.710510511,10.27846067,7.737868846
Liam Neeson, 21st-century male actors from Northern Ireland,0.784999052,1776000,0.648175182,14.88711232,10.32084125
,,,,,,
Sandra Bullock, Businesspeople from New Orleans,1.565069907,3273200,0.991878788,27.21515334,17.90594732
Sandra Bullock, American retail chief executives,1.500230948,310000,0.086350975,9.708047771,12.44560137
Sandra Bullock, American restaurateurs,1.409662024,2669000,0.813719512,19.93327395,11.53249572
Sandra Bullock, American women chief executives,1.254756484,7520000,0.696296296,9.406136721,11.03898191
Sandra Bullock, East Carolina University alumni,1.245123415,2805000,0.85,6.09468442,7.78865547
Sandra Bullock, Women company founders,1.125114663,27700000,0.893548387,13.25840748,13.4630183
Sandra Bullock, American philanthropists,1.123896286,2498000,0.761585366,11.83939563,11.84232525
Sandra Bullock, Naturalized citizens of Germany,1.099670701,3119000,0.945151515,14.84836261,23.91423067
Sandra Bullock, American film producers,1.010464504,19420000,0.855506608,7.367979064,9.695736016
Sandra Bullock, American television producers,0.994035893,9100000,0.733870968,7.226041404,9.995045356
Sandra Bullock, Actresses from New Orleans,0.977908761,110000,0.033333333,108.7781663,15.68471339
Sandra Bullock, Outstanding Performance by a Female Actor in a Leading Role Screen Actors Guild Award winners,0.972907223,3142000,0.952121212,8.429285573,9.105045578
Sandra Bullock, Best Drama Actress Golden Globe (film) winners,0.952136534,800000,0.243902439,9.33939104,9.035308498
Sandra Bullock, Best Actress Academy Award winners,0.944043849,750000,0.228658537,4.468061594,5.634571962
Sandra Bullock, Actresses of German descent,0.942610141,3146000,0.953333333,53.1565391,23.25281372
Sandra Bullock, American television actresses,0.932329971,5740000,0.636363636,7.566711822,7.536571339
Sandra Bullock, American people of Irish descent,0.927010223,2761000,0.841768293,10.83312506,13.16582204
Sandra Bullock, American people of French descent,0.922796444,2402000,0.732317073,11.21077607,13.53350539
Sandra Bullock, Outstanding Performance by a Cast in a Motion Picture Screen Actors Guild Award winners,0.920741365,3176000,0.962424242,9.21956544,10.01271617
Sandra Bullock, American people of English descent,0.905774612,320000,0.096969697,11.16760819,13.85934554
Sandra Bullock, Waldorf school alumni,0.898351202,3232500,0.979545455,3.976878872,5.95393358
Sandra Bullock, 21st-century American actresses,0.896596146,2782000,0.843030303,86.73006401,12.23441796
Sandra Bullock, 20th-century American actresses,0.8913393,2170000,0.657575758,86.73006401,12.23441796
Sandra Bullock, American people of German descent,0.886473972,2544000,0.770909091,11.67679317,14.8096084
Sandra Bullock, American film actresses,0.875097401,13820000,0.808187135,5.597405553,6.6434774
,,,,,,
Scarlett Johansson, Atco Records artists,1.704206498,4777500,0.993243243,6.1919209,8.262305152
Scarlett Johansson, 21st-century women singers,1.249539767,3020000,0.627858628,13.16347431,9.627958111
Scarlett Johansson, Twin people from the United States,1.150852695,57880000,0.923125997,10.01811116,11.16871051
Scarlett Johansson, People from Manhattan,1.14087048,24690000,0.836949153,13.32353675,11.05236785
Scarlett Johansson, Fraternal twin actresses,1.056672365,4774800,0.992681913,13.13252617,7.045588301
Scarlett Johansson, Female models from New York (state),0.989308981,45080000,0.903406814,21.15773797,15.55767403
Scarlett Johansson, American voice actresses,0.916277287,3920000,0.448512586,12.55171585,6.999845378
Scarlett Johansson, Best Actress BAFTA Award winners,0.906420013,4439000,0.920954357,3.633712707,4.736830309
Scarlett Johansson, American child actresses,0.900405007,32480000,0.87077748,10.323646,6.419699508
Scarlett Johansson, American stage actresses,0.888920345,2260000,0.31920904,10.95764745,6.750508713
Scarlett Johansson, 20th-century American actresses,0.877366246,3690000,0.765560166,86.73006401,9.363887772
Scarlett Johansson, 21st-century American actresses,0.869251491,4302000,0.89253112,86.73006401,9.363887772
Scarlett Johansson, Tony Award winners,0.867716602,4160000,0.46325167,4.721958683,7.000017478
Scarlett Johansson, Actresses from New York City,0.853577973,33680000,0.874805195,14.92793627,12.24396039
Scarlett Johansson, Lee Strasberg Theatre and Film Institute alumni,0.851163693,4817990,0.999582988,9.658308302,9.386540839
Scarlett Johansson, American film actresses,0.841437307,12280000,0.718128655,5.597405553,5.003019818
Scarlett Johansson, BAFTA winners (people),0.828847165,4375000,0.907676349,16.00298006,8.491470066
