,,,,,,,,
Gloppedalsura, Bjerkreim,2.310206846,42520,0.942793792,-1,-1,,
Gloppedalsura, Gjesdal,1.750534219,123420,0.97952381,-1,-1,,
Gloppedalsura, Rocks,1.516780673,216997420,0.999988111,-1,-1,,
Gloppedalsura, Norway geography stubs,1.231303028,8620,0.769642857,56.90805959,113.8161192,,
Gloppedalsura, Landforms of Rogaland,1.17255306,61720,0.959875583,-1,-1,,
,,,,,,,,
Pounamu, Petrology,1.486065875,391000,0.903002309,-1,4.018179114,,
Pounamu, Gemstones,1.199407508,15058000,0.997218543,-1,4.53688788,,
Pounamu, Geology of New Zealand,1.150452735,4398000,0.990540541,27.10974817,15.67788058,,
Pounamu, Rocks,1.120639659,216958000,0.999806452,-1,4.81152151,,
Pounamu, Hardstone carving,0.985943649,13900,0.330952381,-1,21.10196768,,
Pounamu, Māori culture,0.865973289,41982,0.999571429,-1,79.96862038,,
Pounamu, Māori words and phrases,0.856520997,41960,0.999047619,8.450662358,13.10749935,,
,,,,,,,,
Sailing stones, Natural history of the Mojave Desert,1.655599775,3112000,0.963467492,9.466662422,11.51330255,,
Sailing stones, Rock formations of Nevada,1.158853647,1402000,0.63438914,20.20676289,19.03279712,,
Sailing stones, Death Valley,1.090696072,34090000,0.939118457,9.021940114,18.37106815,,
Sailing stones, Stones,1.055859305,109770000,0.971415929,-1,6.576499428,,
Sailing stones, Death Valley National Park,1.051080308,26790000,0.923793103,5.837854062,10.21506452,,
Sailing stones, Earth mysteries,0.981968847,2670000,0.547131148,5.173825252,8.57935557,,
Sailing stones, Rock formations of California,0.958876523,1250000,0.361271676,67.82921891,27.69043401,,
Sailing stones, Rocks,0.896176883,213770000,0.985115207,-1,5.977146759,,
,,,,,,,,
Sliding criterion (geotechnical engineering), Mining engineering,1.272409375,12883400,0.998713178,5.476047313,36.9723393,,
Sliding criterion (geotechnical engineering), Rock mass classification,1.118879275,849400,0.980831409,14.7280477,28.13832121,,
Sliding criterion (geotechnical engineering), Tunnel construction,1.108994648,6183400,0.997322581,4.447422701,27.09332354,,
Sliding criterion (geotechnical engineering), Rocks,1.037921416,216983400,0.999923502,-1,50.06541647,,
Sliding criterion (geotechnical engineering), Geotechnical engineering,0.993843096,993400,0.983564356,2.018462653,20.46821307,,
,,,,,,,,
Verd antique, National symbols of the Republic of Ireland,1.461118551,511500,0.871379898,12.35702085,17.31576155,,
Verd antique, Architecture stubs,1.091688449,448500,0.855916031,-429.6645697,15.43142786,,
Verd antique, Petrology stubs,1.08784199,73450,0.972847682,13.62221828,9.759999402,,
Verd antique, Gemstones,1.077795255,15024500,0.995,-1,7.53119049,,
Verd antique, Rocks,0.962697777,216924500,0.999652074,-1,9.627196953,,
Verd antique, Geology of Greece,0.95363994,1154500,0.938617886,41.42762629,19.47220284,,
Verd antique, Building stone,0.938130336,81024500,0.999069051,5.61209427,8.042963872,,
Verd antique, Breccias,0.881217289,683500,0.900527009,-1,71.23567443,,
